date,dow,resolution,bars,open,high,low,close,range_pts,net_pts
2023-09-15,Fri,1h,7,4497.98,4497.98,4447.21,4450.35,50.77,-47.63
2023-09-18,Mon,1h,7,4445.13,4466.36,4442.11,4453.58,24.25,+8.45
2023-09-19,Tue,1h,7,4445.41,4449.85,4416.61,4443.69,33.24,-1.72
2023-09-20,Wed,1h,7,4452.81,4461.03,4401.38,4401.93,59.65,-50.88
2023-09-21,Thu,1h,7,4374.36,4375.70,4329.17,4329.41,46.53,-44.95
2023-09-22,Fri,1h,7,4341.74,4357.40,4316.49,4319.25,40.91,-22.49
2023-09-25,Mon,1h,7,4310.62,4338.51,4302.70,4337.31,35.81,+26.69
2023-09-26,Tue,1h,7,4312.88,4313.01,4265.98,4273.67,47.03,-39.21
2023-09-27,Wed,1h,7,4282.63,4292.07,4238.63,4274.72,53.44,-7.91
2023-09-28,Thu,1h,7,4269.65,4317.27,4264.38,4299.26,52.89,+29.61
2023-09-29,Fri,1h,7,4328.18,4333.15,4274.86,4289.13,58.29,-39.05
2023-10-02,Mon,1h,7,4284.52,4300.58,4260.21,4288.24,40.37,+3.72
2023-10-03,Tue,1h,7,4269.75,4281.15,4216.45,4230.29,64.70,-39.46
2023-10-04,Wed,1h,7,4233.83,4268.50,4220.48,4263.62,48.02,+29.79
2023-10-05,Thu,1h,7,4259.31,4267.13,4225.91,4258.25,41.22,-1.06
2023-10-06,Fri,1h,7,4234.79,4324.10,4219.55,4307.89,104.55,+73.10
2023-10-09,Mon,1h,7,4289.02,4341.73,4283.79,4335.85,57.94,+46.83
2023-10-10,Tue,1h,7,4339.75,4385.46,4339.64,4358.63,45.82,+18.88
2023-10-11,Wed,1h,7,4366.59,4378.64,4345.34,4376.80,33.30,+10.21
2023-10-12,Thu,1h,7,4380.94,4385.85,4325.43,4349.45,60.42,-31.49
2023-10-13,Fri,1h,7,4360.49,4377.10,4311.97,4328.34,65.13,-32.15
2023-10-16,Mon,1h,7,4342.37,4383.33,4342.37,4371.93,40.96,+29.56
2023-10-17,Tue,1h,7,4345.23,4393.57,4337.54,4372.98,56.03,+27.75
2023-10-18,Wed,1h,7,4357.35,4364.20,4303.84,4313.60,60.36,-43.75
2023-10-19,Thu,1h,7,4321.36,4339.54,4269.69,4277.58,69.85,-43.78
2023-10-20,Fri,1h,7,4273.85,4276.56,4223.03,4223.58,53.53,-50.27
2023-10-23,Mon,1h,7,4210.40,4255.84,4189.22,4217.61,66.62,+7.21
2023-10-24,Tue,1h,7,4235.79,4259.38,4219.43,4247.62,39.95,+11.83
2023-10-25,Wed,1h,7,4232.42,4232.42,4181.42,4186.98,51.00,-45.44
2023-10-26,Thu,1h,7,4175.99,4183.60,4127.90,4136.32,55.70,-39.67
2023-10-27,Fri,1h,7,4152.93,4156.70,4103.78,4118.30,52.92,-34.63
2023-10-30,Mon,1h,7,4139.39,4177.47,4132.94,4166.51,44.53,+27.12
2023-10-31,Tue,1h,7,4171.33,4195.55,4153.12,4193.35,42.43,+22.02
2023-11-01,Wed,1h,7,4201.27,4245.64,4197.74,4237.61,47.90,+36.34
2023-11-02,Thu,1h,7,4268.26,4319.72,4268.26,4317.96,51.46,+49.70
2023-11-03,Fri,1h,7,4334.23,4373.62,4334.23,4358.11,39.39,+23.88
2023-11-06,Mon,1h,7,4364.27,4372.21,4347.53,4366.73,24.68,+2.46
2023-11-07,Tue,1h,7,4366.21,4386.26,4355.41,4378.81,30.85,+12.60
2023-11-08,Wed,1h,7,4384.37,4391.20,4359.76,4382.98,31.44,-1.39
2023-11-09,Thu,1h,7,4391.41,4393.40,4343.94,4347.43,49.46,-43.98
2023-11-10,Fri,1h,7,4364.15,4418.03,4353.34,4415.89,64.69,+51.74
2023-11-13,Mon,1h,7,4406.66,4421.76,4393.82,4411.12,27.94,+4.46
2023-11-14,Tue,1h,7,4458.97,4508.67,4458.97,4495.83,49.70,+36.86
2023-11-15,Wed,1h,7,4505.30,4521.17,4495.31,4503.62,25.86,-1.68
2023-11-16,Thu,1h,7,4497.08,4511.99,4487.83,4508.43,24.16,+11.35
2023-11-17,Fri,1h,7,4509.55,4520.12,4499.66,4513.91,20.46,+4.36
2023-11-20,Mon,1h,7,4511.70,4557.11,4510.36,4548.16,46.75,+36.46
2023-11-21,Tue,1h,7,4538.77,4542.14,4525.51,4538.70,16.63,-0.07
2023-11-22,Wed,1h,7,4553.04,4568.43,4545.05,4556.23,23.38,+3.19
2023-11-24,Fri,1h,4,4555.84,4560.31,4552.80,4559.34,7.51,+3.50
2023-11-27,Mon,1h,7,4554.86,4560.52,4546.32,4550.86,14.20,-4.00
2023-11-28,Tue,1h,7,4545.55,4568.14,4540.51,4554.29,27.63,+8.74
2023-11-29,Wed,1h,7,4571.84,4587.64,4547.15,4550.65,40.49,-21.19
2023-11-30,Thu,1h,7,4554.87,4569.89,4537.24,4569.04,32.65,+14.17
2023-12-01,Fri,1h,7,4559.43,4599.39,4554.71,4593.72,44.68,+34.29
2023-12-04,Mon,1h,7,4564.37,4572.37,4546.72,4569.43,25.65,+5.06
2023-12-05,Tue,1h,7,4557.25,4578.56,4551.68,4567.95,26.88,+10.70
2023-12-06,Wed,1h,7,4586.23,4590.74,4546.50,4550.34,44.24,-35.89
2023-12-07,Thu,1h,7,4568.84,4590.92,4565.22,4585.17,25.70,+16.33
2023-12-08,Fri,1h,7,4576.20,4609.23,4574.06,4603.49,35.17,+27.29
2023-12-11,Mon,1h,7,4593.39,4623.71,4593.39,4622.89,30.32,+29.50
2023-12-12,Tue,1h,7,4618.30,4643.59,4608.09,4643.59,35.50,+25.29
2023-12-13,Wed,1h,7,4646.20,4709.69,4643.23,4706.35,66.46,+60.15
2023-12-14,Thu,1h,7,4721.04,4738.57,4694.34,4719.41,44.23,-1.63
2023-12-15,Fri,1h,7,4714.23,4725.53,4704.69,4715.03,20.84,+0.80
2023-12-18,Mon,1h,7,4725.58,4749.52,4725.58,4740.54,23.94,+14.96
2023-12-19,Tue,1h,7,4743.72,4768.69,4743.72,4768.44,24.97,+24.72
2023-12-20,Wed,1h,7,4764.73,4778.01,4697.82,4698.24,80.19,-66.49
2023-12-21,Thu,1h,7,4724.29,4748.71,4708.35,4747.53,40.36,+23.24
2023-12-22,Fri,1h,7,4753.92,4772.94,4736.77,4755.16,36.17,+1.24
2023-12-26,Tue,1h,7,4758.86,4784.72,4758.45,4774.94,26.27,+16.08
2023-12-27,Wed,1h,7,4773.45,4785.39,4768.90,4782.50,16.49,+9.05
2023-12-28,Thu,1h,7,4786.44,4793.30,4780.98,4784.12,12.32,-2.32
2023-12-29,Fri,1h,7,4782.88,4788.43,4751.99,4772.17,36.44,-10.71
2024-01-02,Tue,1h,7,4745.20,4754.33,4722.67,4743.04,31.66,-2.16
2024-01-03,Wed,1h,7,4725.07,4729.29,4699.71,4704.15,29.58,-20.92
2024-01-04,Thu,1h,7,4697.42,4726.78,4687.53,4689.70,39.25,-7.72
2024-01-05,Fri,1h,7,4690.57,4721.49,4682.11,4696.66,39.38,+6.09
2024-01-08,Mon,1h,7,4703.70,4764.54,4699.99,4762.74,64.55,+59.04
2024-01-09,Tue,1h,7,4741.93,4765.47,4730.35,4755.87,35.12,+13.94
2024-01-10,Wed,1h,7,4759.94,4790.80,4756.20,4782.15,34.60,+22.21
2024-01-11,Thu,1h,7,4792.13,4798.50,4739.58,4780.29,58.92,-11.84
2024-01-12,Fri,1h,7,4791.18,4802.40,4768.98,4783.14,33.42,-8.04
2024-01-16,Tue,1h,7,4772.35,4782.34,4747.12,4765.18,35.22,-7.17
2024-01-17,Wed,1h,7,4739.13,4744.23,4714.82,4739.00,29.41,-0.13
2024-01-18,Thu,1h,7,4760.10,4785.79,4740.57,4780.53,45.22,+20.43
2024-01-19,Fri,1h,7,4796.28,4842.07,4785.87,4838.96,56.20,+42.68
2024-01-22,Mon,1h,7,4853.42,4868.41,4844.05,4850.62,24.36,-2.80
2024-01-23,Tue,1h,7,4856.80,4866.48,4844.37,4864.07,22.11,+7.27
2024-01-24,Wed,1h,7,4888.56,4903.68,4865.94,4869.03,37.74,-19.53
2024-01-25,Thu,1h,7,4886.66,4898.15,4869.34,4895.05,28.81,+8.39
2024-01-26,Fri,1h,7,4888.91,4906.69,4881.47,4890.07,25.22,+1.16
2024-01-29,Mon,1h,7,4892.95,4929.31,4887.89,4928.10,41.42,+35.15
2024-01-30,Tue,1h,7,4925.89,4931.09,4916.27,4924.62,14.82,-1.27
2024-01-31,Wed,1h,7,4899.19,4906.75,4845.49,4845.49,61.26,-53.70
2024-02-01,Thu,1h,7,4861.11,4906.56,4853.52,4905.95,53.04,+44.84
2024-02-02,Fri,1h,7,4916.06,4975.29,4907.99,4958.04,67.30,+41.98
2024-02-05,Mon,1h,7,4957.19,4957.19,4918.09,4942.21,39.10,-14.98
2024-02-06,Tue,1h,7,4950.16,4957.77,4934.88,4954.24,22.89,+4.08
2024-02-07,Wed,1h,7,4973.05,4999.89,4969.05,4994.94,30.84,+21.89
2024-02-08,Thu,1h,7,4995.16,5000.40,4987.09,4998.52,13.31,+3.36
2024-02-09,Fri,1h,7,5004.17,5030.06,5000.34,5025.89,29.72,+21.72
2024-02-12,Mon,1h,7,5026.83,5048.39,5016.83,5022.49,31.56,-4.34
2024-02-13,Tue,1h,7,4967.94,4971.30,4920.31,4953.70,50.99,-14.24
2024-02-14,Wed,1h,7,4976.44,5002.52,4956.45,5000.32,46.07,+23.88
2024-02-15,Thu,1h,7,5003.14,5032.72,4999.44,5029.67,33.28,+26.53
2024-02-16,Fri,1h,7,5031.13,5038.70,4999.52,5005.15,39.18,-25.98
2024-02-20,Tue,1h,7,4989.32,4993.71,4955.02,4975.99,38.69,-13.33
2024-02-21,Wed,1h,7,4963.03,4983.21,4946.00,4981.91,37.21,+18.88
2024-02-22,Thu,1h,7,5038.83,5094.39,5038.83,5086.19,55.56,+47.36
2024-02-23,Fri,1h,7,5100.92,5111.06,5081.46,5089.31,29.60,-11.61
2024-02-26,Mon,1h,7,5093.00,5097.66,5068.91,5069.09,28.75,-23.91
2024-02-27,Tue,1h,7,5074.60,5080.69,5057.29,5079.48,23.40,+4.88
2024-02-28,Wed,1h,7,5067.20,5077.37,5058.35,5070.27,19.02,+3.07
2024-02-29,Thu,1h,7,5085.36,5104.99,5061.89,5097.54,43.10,+12.18
2024-03-01,Fri,1h,7,5098.51,5140.33,5094.16,5137.04,46.17,+38.53
2024-03-04,Mon,1h,7,5129.56,5149.67,5127.18,5131.04,22.49,+1.48
2024-03-05,Tue,1h,7,5110.52,5114.54,5056.82,5078.86,57.72,-31.66
2024-03-06,Wed,1h,7,5108.03,5127.97,5092.22,5105.73,35.75,-2.30
2024-03-07,Thu,1h,7,5132.38,5165.62,5128.21,5158.28,37.41,+25.90
2024-03-08,Fri,1h,7,5164.46,5189.26,5117.50,5124.37,71.76,-40.09
2024-03-11,Mon,1h,7,5111.96,5124.66,5091.14,5118.46,33.52,+6.50
2024-03-12,Tue,1h,7,5134.30,5179.87,5114.48,5174.94,65.39,+40.64
2024-03-13,Wed,1h,7,5173.49,5179.14,5151.88,5165.61,27.26,-7.88
2024-03-14,Thu,1h,7,5175.14,5176.85,5123.30,5151.43,53.55,-23.71
2024-03-15,Fri,1h,7,5123.31,5136.86,5104.35,5117.42,32.51,-5.89
2024-03-18,Mon,1h,7,5154.77,5175.60,5145.47,5149.42,30.13,-5.35
2024-03-19,Tue,1h,7,5139.09,5180.31,5131.59,5178.01,48.72,+38.92
2024-03-20,Wed,1h,7,5181.69,5226.19,5171.55,5223.29,54.64,+41.60
2024-03-21,Thu,1h,7,5253.43,5261.10,5240.66,5241.02,20.44,-12.41
2024-03-22,Fri,1h,7,5242.48,5246.09,5229.87,5234.27,16.22,-8.21
2024-03-25,Mon,1h,7,5219.52,5229.09,5216.09,5219.06,13.00,-0.46
2024-03-26,Tue,1h,7,5228.85,5235.16,5203.42,5204.18,31.74,-24.67
2024-03-27,Wed,1h,7,5226.31,5249.19,5213.92,5249.13,35.27,+22.82
2024-03-28,Thu,1h,7,5248.03,5264.85,5245.82,5255.60,19.03,+7.57
2024-04-01,Mon,1h,7,5257.97,5263.95,5229.20,5243.41,34.75,-14.56
2024-04-02,Tue,1h,7,5204.29,5208.34,5184.05,5205.87,24.29,+1.58
2024-04-03,Wed,1h,7,5194.37,5228.75,5194.37,5213.18,34.38,+18.81
2024-04-04,Thu,1h,7,5244.05,5256.59,5146.06,5147.08,110.53,-96.97
2024-04-05,Fri,1h,7,5158.95,5222.18,5157.21,5204.80,64.97,+45.85
2024-04-08,Mon,1h,7,5211.37,5219.57,5197.35,5203.62,22.22,-7.75
2024-04-09,Tue,1h,7,5217.03,5224.81,5160.78,5210.06,64.03,-6.97
2024-04-10,Wed,1h,7,5167.88,5178.43,5138.70,5159.83,39.73,-8.05
2024-04-11,Thu,1h,7,5172.95,5211.78,5138.77,5198.17,73.01,+25.22
2024-04-12,Fri,1h,7,5171.51,5175.03,5107.94,5123.60,67.09,-47.91
2024-04-15,Mon,1h,7,5149.67,5168.43,5052.47,5061.62,115.96,-88.05
2024-04-16,Tue,1h,7,5064.59,5079.84,5039.83,5050.59,40.01,-14.00
2024-04-17,Wed,1h,7,5068.97,5077.96,5007.25,5021.42,70.71,-47.55
2024-04-18,Thu,1h,7,5031.52,5056.66,5001.89,5010.19,54.77,-21.33
2024-04-19,Fri,1h,7,5005.44,5019.02,4953.56,4967.20,65.46,-38.24
2024-04-22,Mon,1h,7,4987.33,5038.84,4969.40,5011.48,69.44,+24.15
2024-04-23,Tue,1h,7,5028.85,5076.12,5027.96,5069.41,48.16,+40.56
2024-04-24,Wed,1h,7,5084.86,5089.48,5047.02,5072.21,42.46,-12.65
2024-04-25,Thu,1h,7,5019.88,5057.75,4990.58,5049.33,67.17,+29.45
2024-04-26,Fri,1h,7,5084.65,5114.62,5073.14,5098.69,41.48,+14.04
2024-04-29,Mon,1h,7,5114.13,5123.49,5088.65,5116.84,34.84,+2.71
2024-04-30,Tue,1h,7,5103.78,5110.83,5035.31,5036.25,75.52,-67.53
2024-05-01,Wed,1h,7,5029.03,5096.12,5013.45,5017.57,82.67,-11.46
2024-05-02,Thu,1h,7,5049.32,5073.21,5011.05,5065.36,62.16,+16.04
2024-05-03,Fri,1h,7,5122.78,5139.12,5101.22,5127.77,37.90,+4.99
2024-05-06,Mon,1h,7,5142.42,5180.85,5142.42,5180.70,38.43,+38.28
2024-05-07,Tue,1h,7,5187.20,5200.23,5178.96,5187.52,21.27,+0.32
2024-05-08,Wed,1h,7,5168.98,5191.95,5165.86,5187.61,26.09,+18.63
2024-05-09,Thu,1h,7,5189.03,5215.30,5180.41,5214.58,34.89,+25.55
2024-05-10,Fri,1h,7,5225.49,5239.66,5209.68,5222.04,29.98,-3.45
2024-05-13,Mon,1h,7,5233.08,5237.26,5211.16,5221.74,26.10,-11.34
2024-05-14,Tue,1h,7,5221.10,5250.37,5217.98,5245.63,32.39,+24.53
2024-05-15,Wed,1h,7,5263.26,5311.76,5263.26,5308.67,48.50,+45.41
2024-05-16,Thu,1h,7,5310.07,5324.89,5296.19,5297.87,28.70,-12.20
2024-05-17,Fri,1h,7,5303.10,5305.45,5283.59,5303.89,21.86,+0.79
2024-05-20,Mon,1h,7,5305.35,5325.32,5302.40,5309.12,22.92,+3.77
2024-05-21,Tue,1h,7,5298.69,5324.32,5297.87,5321.97,26.45,+23.28
2024-05-22,Wed,1h,7,5319.28,5323.18,5286.01,5306.59,37.17,-12.69
2024-05-23,Thu,1h,7,5340.26,5341.88,5256.93,5268.33,84.95,-71.93
2024-05-24,Fri,1h,7,5281.45,5311.65,5278.39,5304.70,33.26,+23.25
2024-05-28,Tue,1h,7,5315.91,5315.91,5280.89,5307.11,35.02,-8.80
2024-05-29,Wed,1h,7,5278.73,5282.27,5262.70,5265.78,19.57,-12.95
2024-05-30,Thu,1h,7,5259.77,5260.21,5222.10,5236.17,38.11,-23.60
2024-05-31,Fri,1h,7,5243.21,5280.33,5191.68,5280.01,88.65,+36.80
2024-06-03,Mon,1h,7,5297.15,5302.11,5234.32,5282.82,67.79,-14.33
2024-06-04,Tue,1h,7,5278.24,5298.80,5257.63,5290.74,41.17,+12.50
2024-06-05,Wed,1h,7,5314.48,5353.64,5297.64,5353.64,56.00,+39.16
2024-06-06,Thu,1h,7,5357.80,5362.35,5335.36,5352.91,26.99,-4.89
2024-06-07,Fri,1h,7,5343.81,5375.08,5331.33,5346.30,43.75,+2.49
2024-06-10,Mon,1h,7,5341.22,5365.79,5331.52,5360.66,34.27,+19.44
2024-06-11,Tue,1h,7,5353.00,5375.95,5327.25,5375.81,48.70,+22.81
2024-06-12,Wed,1h,7,5409.13,5447.25,5409.13,5421.14,38.12,+12.01
2024-06-13,Thu,1h,7,5441.93,5441.93,5402.51,5432.81,39.42,-9.12
2024-06-14,Fri,1h,7,5424.08,5432.39,5403.75,5432.35,28.64,+8.27
2024-06-17,Mon,1h,7,5431.11,5488.50,5420.40,5473.67,68.10,+42.56
2024-06-18,Tue,1h,7,5476.15,5490.38,5471.32,5486.81,19.06,+10.66
2024-06-20,Thu,1h,7,5499.99,5505.53,5455.56,5472.46,49.97,-27.53
2024-06-21,Fri,1h,7,5466.77,5478.31,5452.03,5467.65,26.28,+0.88
2024-06-24,Mon,1h,7,5459.58,5490.66,5447.59,5448.93,43.07,-10.65
2024-06-25,Tue,1h,7,5460.73,5472.88,5446.56,5470.44,26.32,+9.71
2024-06-26,Wed,1h,7,5460.71,5483.14,5451.87,5478.61,31.27,+17.90
2024-06-27,Thu,1h,7,5473.59,5490.81,5467.54,5482.10,23.27,+8.51
2024-06-28,Fri,1h,7,5488.48,5523.64,5451.12,5459.16,72.52,-29.32
2024-07-01,Mon,1h,7,5471.08,5479.55,5446.53,5474.50,33.02,+3.42
2024-07-02,Tue,1h,7,5461.84,5509.56,5458.43,5509.28,51.13,+47.44
2024-07-03,Wed,1h,4,5507.44,5539.27,5507.42,5537.02,31.85,+29.58
2024-07-05,Fri,1h,7,5537.91,5570.33,5531.63,5566.69,38.70,+28.78
2024-07-08,Mon,1h,7,5572.75,5582.69,5562.51,5572.13,20.18,-0.62
2024-07-09,Tue,1h,7,5584.24,5590.75,5574.57,5577.52,16.18,-6.72
2024-07-10,Wed,1h,7,5591.26,5635.39,5586.44,5632.98,48.95,+41.72
2024-07-11,Thu,1h,7,5635.21,5642.45,5576.53,5585.51,65.92,-49.70
2024-07-12,Fri,1h,7,5590.76,5655.56,5590.44,5615.93,65.12,+25.17
2024-07-15,Mon,1h,7,5638.16,5666.94,5614.75,5632.56,52.19,-5.60
2024-07-16,Tue,1h,7,5644.09,5669.67,5639.02,5667.56,30.65,+23.47
2024-07-17,Wed,1h,7,5610.07,5622.49,5584.81,5588.19,37.68,-21.88
2024-07-18,Thu,1h,7,5608.56,5614.05,5522.81,5545.25,91.24,-63.31
2024-07-19,Fri,1h,7,5543.37,5557.50,5497.04,5505.73,60.46,-37.64
2024-07-22,Mon,1h,7,5544.54,5570.36,5529.04,5563.96,41.32,+19.42
2024-07-23,Tue,1h,7,5565.30,5585.34,5550.90,5556.27,34.44,-9.03
2024-07-24,Wed,1h,7,5505.84,5508.04,5419.98,5428.38,88.06,-77.46
2024-07-25,Thu,1h,7,5428.70,5491.59,5390.95,5399.32,100.64,-29.38
2024-07-26,Fri,1h,7,5433.67,5488.32,5430.70,5459.51,57.62,+25.84
2024-07-29,Mon,1h,7,5476.55,5487.74,5444.44,5463.68,43.30,-12.87
2024-07-30,Tue,1h,7,5478.73,5489.46,5401.70,5435.39,87.76,-43.34
2024-07-31,Wed,1h,7,5505.59,5551.51,5493.75,5520.95,57.76,+15.36
2024-08-01,Thu,1h,7,5537.84,5566.16,5410.42,5446.77,155.74,-91.07
2024-08-02,Fri,1h,7,5376.63,5383.89,5302.03,5345.52,81.86,-31.11
2024-08-05,Mon,1h,7,5123.82,5250.89,5119.26,5188.41,131.63,+64.59
2024-08-06,Tue,1h,7,5206.42,5312.34,5193.56,5237.31,118.78,+30.89
2024-08-07,Wed,1h,7,5293.13,5330.64,5195.54,5201.21,135.10,-91.92
2024-08-08,Thu,1h,7,5252.57,5328.03,5233.85,5318.59,94.18,+66.02
2024-08-09,Fri,1h,7,5314.66,5358.67,5300.84,5343.97,57.83,+29.31
2024-08-12,Mon,1h,7,5351.88,5371.20,5324.37,5345.02,46.83,-6.86
2024-08-13,Tue,1h,7,5376.98,5436.50,5376.98,5434.16,59.52,+57.18
2024-08-14,Wed,1h,7,5442.36,5463.22,5415.91,5453.26,47.31,+10.90
2024-08-15,Thu,1h,7,5501.13,5546.23,5501.13,5542.88,45.10,+41.75
2024-08-16,Fri,1h,7,5530.50,5561.98,5525.17,5554.22,36.81,+23.72
2024-08-19,Mon,1h,7,5557.23,5607.85,5550.74,5607.52,57.11,+50.29
2024-08-20,Tue,1h,7,5602.88,5620.51,5585.50,5596.41,35.01,-6.47
2024-08-21,Wed,1h,7,5603.09,5632.68,5591.57,5620.42,41.11,+17.33
2024-08-22,Thu,1h,7,5637.77,5643.22,5560.95,5573.36,82.27,-64.41
2024-08-23,Fri,1h,7,5602.49,5641.82,5585.16,5633.31,56.66,+30.82
2024-08-26,Mon,1h,7,5639.66,5651.62,5602.34,5618.19,49.28,-21.47
2024-08-27,Tue,1h,7,5602.89,5631.18,5593.48,5626.39,37.70,+23.50
2024-08-28,Wed,1h,7,5624.51,5627.03,5560.95,5592.18,66.08,-32.33
2024-08-29,Thu,1h,7,5607.30,5646.95,5583.71,5592.56,63.24,-14.74
2024-08-30,Fri,1h,7,5612.74,5651.37,5581.79,5646.96,69.58,+34.22
2024-09-03,Tue,1h,7,5623.89,5623.89,5504.33,5529.11,119.56,-94.78
2024-09-04,Wed,1h,7,5506.68,5552.99,5503.66,5519.09,49.33,+12.41
2024-09-05,Thu,1h,7,5520.08,5546.30,5480.54,5503.12,65.76,-16.96
2024-09-06,Fri,1h,7,5507.33,5522.47,5402.62,5409.65,119.85,-97.68
2024-09-09,Mon,1h,7,5442.07,5484.20,5434.49,5471.05,49.71,+28.98
2024-09-10,Tue,1h,7,5490.51,5497.91,5441.72,5495.22,56.19,+4.71
2024-09-11,Wed,1h,7,5496.42,5560.41,5406.96,5551.81,153.45,+55.39
2024-09-12,Thu,1h,7,5557.48,5600.71,5535.50,5596.99,65.21,+39.51
2024-09-13,Fri,1h,7,5603.34,5636.27,5601.65,5625.53,34.62,+22.19
2024-09-16,Mon,1h,7,5620.96,5636.05,5604.53,5633.86,31.52,+12.90
2024-09-17,Tue,1h,7,5655.51,5670.81,5614.05,5635.74,56.76,-19.77
2024-09-18,Wed,1h,7,5641.68,5689.75,5615.08,5618.89,74.67,-22.79
2024-09-19,Thu,1h,7,5702.63,5733.57,5686.42,5713.21,47.15,+10.58
2024-09-20,Fri,1h,7,5709.64,5715.14,5674.49,5702.51,40.65,-7.13
2024-09-23,Mon,1h,7,5711.90,5725.36,5704.22,5718.26,21.14,+6.36
2024-09-24,Tue,1h,7,5727.66,5735.32,5698.99,5734.52,36.33,+6.86
2024-09-25,Wed,1h,7,5733.65,5741.03,5712.06,5722.95,28.97,-10.70
2024-09-26,Thu,1h,7,5762.22,5767.37,5721.01,5744.52,46.36,-17.70
2024-09-27,Fri,1h,7,5755.36,5763.78,5727.34,5737.26,36.44,-18.10
2024-09-30,Mon,1h,7,5726.52,5765.14,5703.53,5760.92,61.61,+34.40
2024-10-01,Tue,1h,7,5757.73,5757.73,5681.28,5708.47,76.45,-49.26
2024-10-02,Wed,1h,7,5698.14,5719.63,5674.00,5709.20,45.63,+11.06
2024-10-03,Thu,1h,7,5698.19,5718.78,5677.37,5698.93,41.41,+0.74
2024-10-04,Fri,1h,7,5737.48,5753.21,5702.83,5749.63,50.38,+12.15
2024-10-07,Mon,1h,7,5737.80,5739.33,5686.85,5696.31,52.48,-41.49
2024-10-08,Tue,1h,7,5719.14,5757.60,5714.56,5750.69,43.04,+31.55
2024-10-09,Wed,1h,7,5751.80,5796.80,5745.02,5791.99,51.78,+40.19
2024-10-10,Thu,1h,7,5778.36,5795.03,5764.76,5780.27,30.27,+1.91
2024-10-11,Fri,1h,7,5775.09,5822.13,5775.09,5814.91,47.04,+39.82
2024-10-14,Mon,1h,7,5829.81,5871.41,5829.57,5860.72,41.84,+30.91
2024-10-15,Tue,1h,7,5866.74,5870.36,5804.48,5817.87,65.88,-48.87
2024-10-16,Wed,1h,7,5816.58,5846.52,5808.34,5842.33,38.18,+25.75
2024-10-17,Thu,1h,7,5875.62,5878.46,5840.25,5841.48,38.21,-34.14
2024-10-18,Fri,1h,7,5859.43,5872.17,5846.11,5864.52,26.06,+5.09
2024-10-21,Mon,1h,7,5857.82,5866.92,5824.79,5854.78,42.13,-3.04
2024-10-22,Tue,1h,7,5832.70,5863.04,5821.17,5851.09,41.87,+18.39
2024-10-23,Wed,1h,7,5834.50,5834.85,5762.41,5797.59,72.44,-36.91
2024-10-24,Thu,1h,7,5817.80,5817.80,5784.92,5809.26,32.88,-8.54
2024-10-25,Fri,1h,7,5826.75,5862.82,5799.98,5808.00,62.84,-18.75
2024-10-28,Mon,1h,7,5833.93,5842.92,5823.08,5824.56,19.84,-9.37
2024-10-29,Tue,1h,7,5819.68,5847.19,5802.17,5834.78,45.02,+15.10
2024-10-30,Wed,1h,7,5832.65,5850.94,5811.28,5816.91,39.66,-15.74
2024-10-31,Thu,1h,7,5775.34,5775.34,5703.28,5703.28,72.06,-72.06
2024-11-01,Fri,1h,7,5723.22,5772.52,5723.22,5728.43,49.30,+5.21
2024-11-04,Mon,1h,7,5725.15,5741.43,5696.51,5713.66,44.92,-11.49
2024-11-05,Tue,1h,7,5722.43,5783.44,5722.10,5783.07,61.34,+60.64
2024-11-06,Wed,1h,7,5864.89,5936.14,5864.89,5927.80,71.25,+62.91
2024-11-07,Thu,1h,7,5947.21,5983.84,5947.21,5973.12,36.63,+25.91
2024-11-08,Fri,1h,7,5976.76,6012.45,5976.76,5996.62,35.69,+19.86
2024-11-11,Mon,1h,7,6008.86,6017.31,5986.69,6003.58,30.62,-5.28
2024-11-12,Tue,1h,7,6003.60,6009.92,5960.08,5984.18,49.84,-19.42
2024-11-13,Wed,1h,7,5985.75,6008.19,5965.91,5986.97,42.28,+1.22
2024-11-14,Thu,1h,7,5989.68,5993.88,5942.28,5949.75,51.60,-39.93
2024-11-15,Fri,1h,7,5912.79,5915.32,5853.01,5869.75,62.31,-43.04
2024-11-18,Mon,1h,7,5874.17,5908.12,5865.95,5894.25,42.17,+20.08
2024-11-19,Tue,1h,7,5870.05,5923.51,5855.29,5915.85,68.22,+45.80
2024-11-20,Wed,1h,7,5914.34,5920.67,5860.56,5916.83,60.11,+2.49
2024-11-21,Thu,1h,7,5940.58,5963.32,5887.26,5948.48,76.06,+7.90
2024-11-22,Fri,1h,7,5944.36,5972.90,5944.36,5968.26,28.54,+23.90
2024-11-25,Mon,1h,7,5992.28,6020.75,5963.91,5987.15,56.84,-5.13
2024-11-26,Tue,1h,7,6000.03,6025.42,5992.27,6020.74,33.15,+20.71
2024-11-27,Wed,1h,7,6014.11,6020.16,5984.87,5998.72,35.29,-15.39
2024-11-29,Fri,1h,4,6003.98,6044.17,6003.98,6032.38,40.19,+28.40
2024-12-02,Mon,1h,7,6040.11,6053.58,6035.33,6046.88,18.25,+6.77
2024-12-03,Tue,1h,7,6042.97,6052.07,6033.39,6049.67,18.68,+6.70
2024-12-04,Wed,1h,7,6069.39,6089.84,6061.06,6086.23,28.78,+16.84
2024-12-05,Thu,1h,7,6089.03,6094.55,6072.90,6075.95,21.65,-13.08
2024-12-06,Fri,1h,7,6081.38,6099.97,6079.98,6088.76,19.99,+7.38
2024-12-09,Mon,1h,7,6083.01,6088.51,6048.63,6054.58,39.88,-28.43
2024-12-10,Tue,1h,7,6057.59,6065.40,6029.89,6036.32,35.51,-21.27
2024-12-11,Wed,1h,7,6060.15,6092.59,6060.15,6084.20,32.44,+24.05
2024-12-12,Thu,1h,7,6074.29,6079.68,6051.70,6051.70,27.98,-22.59
2024-12-13,Fri,1h,7,6068.17,6078.58,6035.77,6050.83,42.81,-17.34
2024-12-16,Mon,1h,7,6063.79,6085.19,6059.14,6074.48,26.05,+10.69
2024-12-17,Tue,1h,7,6052.55,6057.68,6035.19,6050.31,22.49,-2.24
2024-12-18,Wed,1h,7,6047.65,6070.67,5867.79,5869.22,202.88,-178.43
2024-12-19,Thu,1h,7,5912.71,5935.52,5866.07,5866.07,69.45,-46.64
2024-12-20,Fri,1h,7,5842.00,5982.06,5832.30,5932.80,149.76,+90.80
2024-12-23,Mon,1h,7,5940.25,5978.25,5902.57,5972.23,75.68,+31.98
2024-12-24,Tue,1h,4,5984.63,6040.10,5981.44,6040.04,58.66,+55.41
2024-12-26,Thu,1h,7,6024.97,6049.75,6007.37,6037.09,42.38,+12.12
2024-12-27,Fri,1h,7,6006.17,6006.17,5932.95,5972.25,73.22,-33.92
2024-12-30,Mon,1h,7,5920.67,5940.79,5869.16,5907.43,71.63,-13.24
2024-12-31,Tue,1h,7,5919.74,5929.74,5868.86,5884.01,60.88,-35.73
2025-01-02,Thu,1h,7,5903.26,5935.09,5829.53,5868.84,105.56,-34.42
2025-01-03,Fri,1h,7,5891.07,5949.34,5888.66,5941.88,60.68,+50.81
2025-01-06,Mon,1h,7,5982.81,6021.04,5960.01,5976.50,61.03,-6.31
2025-01-07,Tue,1h,7,5993.26,6000.68,5890.68,5909.54,110.00,-83.72
2025-01-08,Wed,1h,7,5910.66,5927.89,5874.78,5916.55,53.11,+5.89
2025-01-10,Fri,1h,7,5890.35,5890.35,5807.78,5826.50,82.57,-63.85
2025-01-13,Mon,1h,7,5782.02,5838.61,5773.31,5836.11,65.30,+54.09
2025-01-14,Tue,1h,7,5859.27,5871.92,5805.42,5843.31,66.50,-15.96
2025-01-15,Wed,1h,7,5905.21,5960.61,5905.21,5948.82,55.40,+43.61
2025-01-16,Thu,1h,7,5963.61,5964.69,5930.72,5937.38,33.97,-26.23
2025-01-17,Fri,1h,7,5995.40,6014.96,5978.44,5997.07,36.52,+1.67
2025-01-21,Tue,1h,7,6014.12,6051.51,6006.88,6049.23,44.63,+35.11
2025-01-22,Wed,1h,7,6081.39,6100.81,6076.13,6085.66,24.68,+4.27
2025-01-23,Thu,1h,7,6076.32,6118.22,6074.67,6118.22,43.55,+41.90
2025-01-24,Fri,1h,7,6121.43,6128.18,6088.74,6100.82,39.44,-20.61
2025-01-27,Mon,1h,7,5969.04,6017.17,5962.92,6013.39,54.25,+44.35
2025-01-28,Tue,1h,7,6026.97,6074.54,5994.63,6066.96,79.91,+39.99
2025-01-29,Wed,1h,7,6057.70,6062.83,6012.96,6038.67,49.87,-19.03
2025-01-30,Thu,1h,7,6050.75,6086.64,6027.46,6069.66,59.18,+18.91
2025-01-31,Fri,1h,7,6096.79,6120.91,6030.93,6040.07,89.98,-56.72
2025-02-03,Mon,1h,7,5969.65,6022.13,5923.93,5995.08,98.20,+25.43
2025-02-04,Tue,1h,7,5998.14,6042.48,5990.87,6037.08,51.61,+38.94
2025-02-05,Wed,1h,7,6020.45,6062.86,6007.06,6061.89,55.80,+41.44
2025-02-06,Thu,1h,7,6072.22,6084.03,6046.83,6082.86,37.20,+10.64
2025-02-07,Fri,1h,7,6083.13,6101.28,6019.96,6025.94,81.32,-57.19
2025-02-10,Mon,1h,7,6046.40,6073.38,6044.84,6066.66,28.54,+20.26
2025-02-11,Tue,1h,7,6049.32,6076.28,6042.34,6068.92,33.94,+19.60
2025-02-12,Wed,1h,7,6025.08,6063.00,6003.00,6051.01,60.00,+25.93
2025-02-13,Thu,1h,7,6060.59,6116.91,6050.95,6114.94,65.96,+54.35
2025-02-14,Fri,1h,7,6115.52,6127.47,6107.62,6113.74,19.85,-1.78
2025-02-18,Tue,1h,7,6121.60,6129.39,6099.51,6129.39,29.88,+7.79
2025-02-19,Wed,1h,7,6117.76,6147.43,6111.15,6143.95,36.28,+26.19
2025-02-20,Thu,1h,7,6134.50,6134.50,6084.59,6118.01,49.91,-16.49
2025-02-21,Fri,1h,7,6114.10,6114.82,6008.56,6013.46,106.26,-100.64
2025-02-24,Mon,1h,7,6026.69,6043.65,5977.83,5984.30,65.82,-42.39
2025-02-25,Tue,1h,7,5982.73,5992.65,5908.49,5955.92,84.16,-26.81
2025-02-26,Wed,1h,7,5970.87,6009.82,5932.69,5957.43,77.13,-13.44
2025-02-27,Thu,1h,7,5981.88,5993.69,5858.78,5862.79,134.91,-119.09
2025-02-28,Fri,1h,7,5856.74,5959.40,5837.66,5953.03,121.74,+96.29
2025-03-03,Mon,1h,7,5968.33,5986.09,5810.91,5851.33,175.18,-117.00
2025-03-04,Tue,1h,7,5811.98,5865.08,5732.59,5777.44,132.49,-34.54
2025-03-05,Wed,1h,7,5781.36,5860.59,5742.35,5840.95,118.24,+59.59
2025-03-06,Thu,1h,7,5785.87,5812.08,5711.64,5738.49,100.44,-47.38
2025-03-07,Fri,1h,7,5726.01,5783.01,5666.29,5769.15,116.72,+43.14
2025-03-10,Mon,1h,7,5705.37,5705.37,5564.02,5615.00,141.35,-90.37
2025-03-11,Tue,1h,7,5603.65,5636.30,5528.41,5571.79,107.89,-31.86
2025-03-12,Wed,1h,7,5624.84,5642.19,5546.09,5598.28,96.10,-26.56
2025-03-13,Thu,1h,7,5594.45,5597.78,5504.65,5521.56,93.13,-72.89
2025-03-14,Fri,1h,7,5563.85,5645.27,5563.85,5636.86,81.42,+73.01
2025-03-17,Mon,1h,7,5635.60,5703.52,5631.12,5676.16,72.40,+40.56
2025-03-18,Tue,1h,7,5654.53,5654.53,5597.76,5615.37,56.77,-39.16
2025-03-19,Wed,1h,7,5632.37,5715.33,5622.20,5675.28,93.13,+42.91
2025-03-20,Thu,1h,7,5646.92,5711.15,5632.33,5662.07,78.82,+15.15
2025-03-21,Fri,1h,7,5630.73,5670.84,5603.10,5666.68,67.74,+35.95
2025-03-24,Mon,1h,7,5718.08,5775.14,5718.08,5765.15,57.06,+47.07
2025-03-25,Tue,1h,7,5775.96,5786.95,5760.42,5776.83,26.53,+0.87
2025-03-26,Wed,1h,7,5771.66,5783.62,5694.41,5712.11,89.21,-59.55
2025-03-27,Thu,1h,7,5695.64,5732.28,5670.94,5692.36,61.34,-3.28
2025-03-28,Fri,1h,7,5679.20,5685.89,5572.42,5580.28,113.47,-98.92
2025-03-31,Mon,1h,7,5527.91,5627.56,5488.73,5611.33,138.83,+83.42
2025-04-01,Tue,1h,7,5597.53,5650.57,5558.52,5632.92,92.05,+35.39
2025-04-02,Wed,1h,7,5580.76,5695.31,5571.48,5669.25,123.83,+88.49
2025-04-03,Thu,1h,7,5492.74,5499.53,5390.83,5394.89,108.70,-97.85
2025-04-04,Fri,1h,7,5292.14,5292.14,5069.90,5075.24,222.24,-216.90
2025-04-07,Mon,1h,7,4953.79,5246.57,4835.04,5059.86,411.53,+106.07
2025-04-08,Tue,1h,7,5193.57,5267.47,4910.42,4985.67,357.05,-207.90
2025-04-09,Wed,1h,7,4965.28,5481.34,4948.43,5451.61,532.91,+486.33
2025-04-10,Thu,1h,7,5353.15,5353.15,5115.27,5268.18,237.88,-84.97
2025-04-11,Fri,1h,7,5255.56,5381.46,5220.77,5361.20,160.69,+105.64
2025-04-14,Mon,1h,7,5441.96,5459.46,5358.02,5405.56,101.44,-36.40
2025-04-15,Tue,1h,7,5411.99,5450.41,5386.44,5396.70,63.97,-15.29
2025-04-16,Wed,1h,7,5335.75,5367.24,5220.79,5276.26,146.45,-59.49
2025-04-17,Thu,1h,7,5305.45,5328.31,5255.58,5283.50,72.73,-21.95
2025-04-21,Mon,1h,7,5232.94,5232.94,5101.63,5157.81,131.31,-75.13
2025-04-22,Tue,1h,7,5207.67,5309.61,5207.67,5286.81,101.94,+79.14
2025-04-23,Wed,1h,7,5395.92,5469.69,5356.17,5372.42,113.52,-23.50
2025-04-24,Thu,1h,7,5381.38,5489.40,5371.96,5483.59,117.44,+102.21
2025-04-25,Fri,1h,7,5489.73,5528.11,5455.86,5523.52,72.25,+33.79
2025-04-28,Mon,1h,7,5529.22,5553.66,5468.64,5528.64,85.02,-0.58
2025-04-29,Tue,1h,7,5508.87,5571.95,5505.70,5560.30,66.25,+51.43
2025-04-30,Wed,1h,7,5499.44,5581.84,5433.24,5560.16,148.60,+60.72
2025-05-01,Thu,1h,7,5625.14,5658.91,5597.35,5602.31,61.56,-22.83
2025-05-02,Fri,1h,7,5645.88,5700.70,5642.28,5685.73,58.42,+39.85
2025-05-05,Mon,1h,7,5655.32,5683.38,5634.48,5651.20,48.90,-4.12
2025-05-06,Tue,1h,7,5605.87,5649.58,5586.04,5605.52,63.54,-0.35
2025-05-07,Wed,1h,7,5614.18,5654.73,5578.64,5629.75,76.09,+15.57
2025-05-08,Thu,1h,7,5663.60,5720.10,5635.38,5663.86,84.72,+0.26
2025-05-09,Fri,1h,7,5679.65,5691.69,5644.15,5659.15,47.54,-20.50
2025-05-12,Mon,1h,7,5807.20,5845.37,5786.08,5844.58,59.29,+37.38
2025-05-13,Tue,1h,7,5854.15,5906.64,5845.02,5884.87,61.62,+30.72
2025-05-14,Wed,1h,7,5896.74,5906.55,5872.11,5891.51,34.44,-5.23
2025-05-15,Thu,1h,7,5869.82,5924.21,5865.16,5917.44,59.05,+47.62
2025-05-16,Fri,1h,7,5929.09,5958.62,5907.36,5958.40,51.26,+29.31
2025-05-19,Mon,1h,7,5902.88,5968.61,5895.69,5964.16,72.92,+61.28
2025-05-20,Tue,1h,7,5944.66,5953.06,5909.26,5940.83,43.80,-3.83
2025-05-21,Wed,1h,7,5910.18,5938.37,5830.91,5844.17,107.46,-66.01
2025-05-22,Thu,1h,7,5841.26,5878.08,5825.82,5841.00,52.26,-0.26
2025-05-23,Fri,1h,7,5781.89,5829.51,5767.41,5804.16,62.10,+22.27
2025-05-27,Tue,1h,7,5854.07,5924.33,5854.07,5921.17,70.26,+67.10
2025-05-28,Wed,1h,7,5925.54,5939.92,5881.88,5889.50,58.04,-36.04
2025-05-29,Thu,1h,7,5939.96,5943.13,5873.80,5912.16,69.33,-27.80
2025-05-30,Fri,1h,7,5903.67,5922.14,5843.66,5907.06,78.48,+3.39
2025-06-02,Mon,1h,7,5896.68,5937.40,5861.43,5937.40,75.97,+40.72
2025-06-03,Tue,1h,7,5938.56,5981.35,5929.00,5970.53,52.35,+31.97
2025-06-04,Wed,1h,7,5978.94,5990.48,5966.11,5971.16,24.37,-7.78
2025-06-05,Thu,1h,7,5985.67,5999.70,5921.20,5939.68,78.50,-45.99
2025-06-06,Fri,1h,7,5987.06,6016.87,5978.63,5999.66,38.24,+12.60
2025-06-09,Mon,1h,7,6008.27,6021.31,5994.18,6004.20,27.13,-4.07
2025-06-10,Tue,1h,7,6009.91,6043.01,6000.28,6039.83,42.73,+29.92
2025-06-11,Wed,1h,7,6049.38,6058.76,6002.32,6023.72,56.44,-25.66
2025-06-12,Thu,1h,7,6009.90,6045.20,6003.88,6045.20,41.32,+35.30
2025-06-13,Fri,1h,7,5994.80,6026.16,5963.21,5977.48,62.95,-17.32
2025-06-16,Mon,1h,7,6004.00,6050.83,6004.00,6033.38,46.83,+29.38
2025-06-17,Tue,1h,7,6014.76,6023.25,5974.80,5982.06,48.45,-32.70
2025-06-18,Wed,1h,7,5987.93,6018.25,5971.89,5980.33,46.36,-7.60
2025-06-20,Fri,1h,7,5999.67,6018.20,5952.56,5968.34,65.64,-31.33
2025-06-23,Mon,1h,7,5969.67,6028.77,5943.23,6024.75,85.54,+55.08
2025-06-24,Tue,1h,7,6065.02,6101.76,6059.25,6093.28,42.51,+28.26
2025-06-25,Wed,1h,7,6104.23,6108.51,6080.09,6093.86,28.42,-10.37
2025-06-26,Thu,1h,7,6114.89,6146.52,6107.27,6142.62,39.25,+27.73
2025-06-27,Fri,1h,7,6150.70,6187.68,6132.35,6171.97,55.33,+21.27
2025-06-30,Mon,1h,7,6193.36,6215.08,6174.97,6203.60,40.11,+10.24
2025-07-01,Tue,1h,7,6187.25,6210.78,6178.21,6197.58,32.57,+10.33
2025-07-02,Wed,1h,7,6193.88,6227.60,6188.29,6227.27,39.31,+33.39
2025-07-03,Thu,1h,4,6246.46,6284.65,6246.46,6279.35,38.19,+32.89
2025-07-07,Mon,1h,7,6259.04,6262.07,6201.00,6230.76,61.07,-28.28
2025-07-08,Tue,1h,7,6234.03,6242.70,6217.75,6225.48,24.95,-8.55
2025-07-09,Wed,1h,7,6243.33,6269.16,6231.43,6262.65,37.73,+19.32
2025-07-10,Thu,1h,7,6266.80,6290.22,6251.44,6280.14,38.78,+13.34
2025-07-11,Fri,1h,7,6255.68,6269.44,6237.60,6258.35,31.84,+2.67
2025-07-14,Mon,1h,7,6255.15,6273.31,6239.22,6268.11,34.09,+12.96
2025-07-15,Tue,1h,7,6295.29,6302.04,6242.45,6243.10,59.59,-52.19
2025-07-16,Wed,1h,7,6254.50,6268.12,6201.59,6263.58,66.53,+9.08
2025-07-17,Thu,1h,7,6263.40,6304.69,6262.27,6299.02,42.42,+35.62
2025-07-18,Fri,1h,7,6312.95,6315.61,6285.27,6296.68,30.34,-16.27
2025-07-21,Mon,1h,7,6304.74,6336.08,6303.79,6307.46,32.29,+2.72
2025-07-22,Tue,1h,7,6306.60,6316.12,6281.71,6309.13,34.41,+2.53
2025-07-23,Wed,1h,7,6326.90,6359.91,6318.02,6359.91,41.89,+33.01
2025-07-24,Thu,1h,7,6368.60,6381.31,6360.57,6364.02,20.74,-4.58
2025-07-25,Fri,1h,7,6370.01,6395.82,6368.53,6389.59,27.29,+19.58
2025-07-28,Mon,1h,7,6397.69,6401.07,6375.79,6389.58,25.28,-8.11
2025-07-29,Tue,1h,7,6405.62,6409.26,6363.92,6371.63,45.34,-33.99
2025-07-30,Wed,1h,7,6381.23,6396.54,6336.38,6364.83,60.16,-16.40
2025-07-31,Thu,1h,7,6427.02,6427.02,6327.64,6341.54,99.38,-85.48
2025-08-01,Fri,1h,7,6287.28,6287.28,6212.69,6237.30,74.59,-49.98
2025-08-04,Mon,1h,7,6271.71,6330.69,6271.71,6329.54,58.98,+57.83
2025-08-05,Tue,1h,7,6336.63,6346.00,6289.37,6299.19,56.63,-37.44
2025-08-06,Wed,1h,7,6309.30,6352.83,6301.11,6344.78,51.72,+35.48
2025-08-07,Thu,1h,7,6374.32,6389.71,6310.32,6341.08,79.39,-33.24
2025-08-08,Fri,1h,7,6355.22,6395.16,6355.22,6390.19,39.94,+34.97
2025-08-11,Mon,1h,7,6389.67,6407.25,6364.06,6374.49,43.19,-15.18
2025-08-12,Tue,1h,7,6395.17,6446.55,6385.76,6445.30,60.79,+50.13
2025-08-13,Wed,1h,7,6466.73,6480.28,6445.02,6466.79,35.26,+0.06
2025-08-14,Thu,1h,7,6453.46,6473.92,6441.07,6467.80,32.85,+14.34
2025-08-15,Fri,1h,7,6477.38,6481.34,6441.85,6450.12,39.49,-27.26
2025-08-18,Mon,1h,7,6445.02,6455.35,6437.70,6449.24,17.65,+4.22
2025-08-19,Tue,1h,7,6446.24,6456.48,6400.22,6411.80,56.26,-34.44
2025-08-20,Wed,1h,7,6406.62,6408.40,6343.86,6394.88,64.54,-11.74
2025-08-21,Thu,1h,7,6380.83,6393.65,6352.71,6370.18,40.94,-10.65
2025-08-22,Fri,1h,7,6384.59,6478.89,6384.59,6466.35,94.30,+81.76
2025-08-25,Mon,1h,7,6457.67,6466.89,6438.06,6439.45,28.83,-18.22
2025-08-26,Tue,1h,7,6435.49,6468.37,6429.21,6465.70,39.16,+30.21
2025-08-27,Wed,1h,7,6462.26,6487.06,6457.84,6480.85,29.22,+18.59
2025-08-28,Thu,1h,7,6483.84,6508.23,6466.96,6502.31,41.27,+18.47
2025-08-29,Fri,1h,7,6489.28,6491.76,6444.57,6461.82,47.19,-27.46
2025-09-02,Tue,1h,7,6401.51,6416.54,6360.58,6414.95,55.96,+13.44
2025-09-03,Wed,1h,7,6445.82,6453.67,6416.17,6447.81,37.50,+1.99
2025-09-04,Thu,1h,7,6456.60,6502.54,6445.98,6501.50,56.56,+44.90
2025-09-05,Fri,1h,7,6529.08,6532.65,6443.98,6482.16,88.67,-46.92
2025-09-08,Mon,1h,7,6498.09,6508.67,6483.29,6496.06,25.38,-2.03
2025-09-09,Tue,1h,7,6503.33,6518.23,6483.08,6512.40,35.15,+9.07
2025-09-10,Wed,1h,7,6550.29,6555.97,6516.34,6531.90,39.63,-18.39
2025-09-11,Thu,1h,7,6554.41,6592.89,6545.80,6586.70,47.09,+32.29
2025-09-12,Fri,1h,7,6590.66,6600.21,6579.49,6583.97,20.72,-6.69
2025-09-15,Mon,1h,7,6603.49,6619.62,6602.07,6615.97,17.55,+12.48
2025-09-16,Tue,1h,7,6624.13,6626.99,6600.11,6606.64,26.88,-17.49
2025-09-17,Wed,1h,7,6604.87,6624.39,6551.15,6600.89,73.24,-3.98
2025-09-18,Thu,1h,7,6626.85,6656.80,6612.39,6631.17,44.41,+4.32
2025-09-19,Fri,1h,7,6647.11,6671.82,6630.31,6662.84,41.51,+15.73
2025-09-22,Mon,1h,7,6654.28,6698.88,6648.07,6693.76,50.81,+39.48
2025-09-23,Tue,1h,7,6692.44,6699.52,6645.58,6658.09,53.94,-34.35
2025-09-24,Wed,1h,7,6669.79,6672.66,6621.76,6636.68,50.90,-33.11
2025-09-25,Thu,1h,7,6608.19,6619.00,6569.22,6604.20,49.78,-3.99
2025-09-26,Fri,1h,7,6615.38,6648.97,6604.43,6643.54,44.54,+28.16
2025-09-29,Mon,1h,7,6661.58,6677.31,6644.49,6661.71,32.82,+0.13
2025-09-30,Tue,1h,7,6656.19,6691.25,6641.00,6687.06,50.25,+30.87
2025-10-01,Wed,1h,7,6664.92,6718.48,6656.20,6710.92,62.28,+46.00
2025-10-02,Thu,1h,7,6731.31,6731.94,6693.23,6715.80,38.71,-15.51
2025-10-03,Fri,1h,7,6722.14,6750.87,6705.67,6715.86,45.20,-6.28
2025-10-06,Mon,1h,7,6733.86,6749.52,6717.78,6740.29,31.74,+6.43
2025-10-07,Tue,1h,7,6746.14,6754.49,6699.96,6714.28,54.53,-31.86
2025-10-08,Wed,1h,7,6723.87,6755.64,6718.09,6753.58,37.55,+29.71
2025-10-09,Thu,1h,7,6760.50,6764.58,6716.17,6734.91,48.41,-25.59
2025-10-10,Fri,1h,7,6740.49,6762.40,6550.78,6552.80,211.62,-187.69
2025-10-13,Mon,1h,7,6622.53,6668.68,6620.71,6653.91,47.97,+31.38
2025-10-14,Tue,1h,7,6602.49,6680.70,6555.07,6643.91,125.63,+41.42
2025-10-15,Wed,1h,7,6688.27,6724.12,6612.11,6671.50,112.01,-16.77
2025-10-16,Thu,1h,7,6689.02,6709.34,6593.99,6629.00,115.35,-60.02
2025-10-17,Fri,1h,7,6613.27,6678.88,6603.76,6662.91,75.12,+49.64
2025-10-20,Mon,1h,7,6690.05,6744.35,6690.05,6734.77,54.30,+44.72
2025-10-21,Tue,1h,7,6736.75,6752.16,6722.03,6734.76,30.13,-1.99
2025-10-22,Wed,1h,7,6741.34,6741.75,6655.69,6699.78,86.06,-41.56
2025-10-23,Thu,1h,7,6703.65,6749.53,6700.14,6738.17,49.39,+34.52
2025-10-24,Fri,1h,7,6772.07,6807.11,6772.07,6791.14,35.04,+19.07
2025-10-27,Mon,1h,7,6845.46,6877.28,6843.94,6874.50,33.34,+29.04
2025-10-28,Tue,1h,7,6897.74,6911.30,6870.73,6890.89,40.57,-6.85
2025-10-29,Wed,1h,7,6910.95,6920.34,6851.91,6892.17,68.43,-18.78
2025-10-30,Thu,1h,7,6860.50,6880.75,6820.69,6822.43,60.06,-38.07
2025-10-31,Fri,1h,7,6879.17,6879.17,6814.26,6840.23,64.91,-38.94
2025-11-03,Mon,1h,7,6882.32,6882.32,6820.62,6852.03,61.70,-30.29
2025-11-04,Tue,1h,7,6788.52,6820.21,6766.71,6772.40,53.50,-16.12
2025-11-05,Wed,1h,7,6769.77,6829.78,6763.11,6795.95,66.67,+26.18
2025-11-06,Thu,1h,7,6787.59,6796.68,6707.51,6721.72,89.17,-65.87
2025-11-07,Fri,1h,7,6696.18,6730.11,6631.44,6729.02,98.67,+32.84
2025-11-10,Mon,1h,7,6785.36,6841.32,6770.56,6831.82,70.76,+46.46
2025-11-11,Tue,1h,7,6815.64,6855.13,6806.87,6848.09,48.26,+32.45
2025-11-12,Wed,1h,7,6867.77,6869.91,6829.62,6852.00,40.29,-15.77
2025-11-13,Thu,1h,7,6826.47,6828.05,6724.72,6738.52,103.33,-87.95
2025-11-14,Fri,1h,7,6672.14,6774.31,6646.87,6735.10,127.44,+62.96
2025-11-17,Mon,1h,7,6713.61,6754.50,6638.90,6672.91,115.60,-40.70
2025-11-18,Tue,1h,7,6641.19,6666.63,6574.32,6616.94,92.31,-24.25
2025-11-19,Wed,1h,7,6625.84,6689.75,6603.50,6642.93,86.25,+17.09
2025-11-20,Thu,1h,7,6737.93,6770.35,6534.05,6539.18,236.30,-198.75
2025-11-21,Fri,1h,7,6555.77,6660.05,6521.92,6603.80,138.13,+48.03
2025-11-24,Mon,1h,7,6636.54,6715.75,6630.70,6704.67,85.05,+68.13
2025-11-25,Tue,1h,7,6697.03,6776.40,6659.98,6766.10,116.42,+69.07
2025-11-26,Wed,1h,7,6793.55,6831.44,6783.87,6811.76,47.57,+18.21
2025-11-28,Fri,1h,4,6822.52,6850.86,6819.75,6849.09,31.11,+26.57
2025-12-01,Mon,1h,7,6812.30,6843.65,6799.94,6814.65,43.71,+2.35
2025-12-02,Tue,1h,7,6830.96,6851.55,6806.71,6827.83,44.84,-3.13
2025-12-03,Wed,1h,7,6815.29,6862.42,6810.43,6850.51,51.99,+35.22
2025-12-04,Thu,1h,7,6866.47,6866.47,6827.12,6857.96,39.35,-8.51
2025-12-05,Fri,1h,7,6866.32,6895.78,6858.29,6869.07,37.49,+2.75
2025-12-08,Mon,1h,7,6875.20,6878.27,6827.19,6847.84,51.08,-27.36
2025-12-09,Tue,1h,7,6840.61,6864.92,6837.43,6840.32,27.49,-0.29
2025-12-10,Wed,1h,7,6833.49,6900.67,6824.69,6886.95,75.98,+53.46
2025-12-11,Thu,1h,7,6861.30,6903.46,6833.45,6902.10,70.01,+40.80
2025-12-12,Fri,1h,7,6886.85,6899.85,6801.79,6827.89,98.06,-58.96
2025-12-15,Mon,1h,7,6860.19,6861.59,6801.49,6816.34,60.10,-43.85
2025-12-16,Tue,1h,7,6800.12,6819.27,6759.74,6798.51,59.53,-1.61
2025-12-17,Wed,1h,7,6802.88,6812.26,6720.43,6722.22,91.83,-80.66
2025-12-18,Thu,1h,7,6778.06,6816.13,6758.50,6774.35,57.63,-3.71
2025-12-19,Fri,1h,7,6792.62,6840.02,6792.62,6834.70,47.40,+42.08
2025-12-22,Mon,1h,7,6865.21,6882.03,6855.74,6876.49,26.29,+11.28
2025-12-23,Tue,1h,7,6872.41,6910.88,6868.81,6909.02,42.07,+36.61
2025-12-24,Wed,1h,4,6904.91,6937.32,6904.91,6932.05,32.41,+27.14
2025-12-26,Fri,1h,7,6936.02,6945.77,6921.60,6930.52,24.17,-5.50
2025-12-29,Mon,1h,7,6903.60,6920.21,6888.76,6906.96,31.45,+3.36
2025-12-30,Tue,1h,7,6900.44,6913.25,6893.47,6896.45,19.78,-3.99
2025-12-31,Wed,1h,7,6898.82,6901.42,6844.55,6845.77,56.87,-53.05
2026-01-02,Fri,1h,7,6878.11,6894.87,6824.31,6858.54,70.56,-19.57
2026-01-05,Mon,1h,7,6892.19,6920.38,6891.56,6902.74,28.82,+10.55
2026-01-06,Tue,1h,7,6908.03,6948.69,6904.02,6946.35,44.67,+38.32
2026-01-07,Wed,1h,7,6945.07,6965.69,6919.19,6921.53,46.50,-23.54
2026-01-08,Thu,1h,7,6914.11,6931.28,6899.33,6921.10,31.95,+6.99
2026-01-09,Fri,1h,7,6927.83,6978.36,6917.64,6965.99,60.72,+38.16
2026-01-12,Mon,1h,7,6944.12,6986.33,6934.07,6976.72,52.26,+32.60
2026-01-13,Tue,1h,7,6977.41,6985.83,6938.77,6962.98,47.06,-14.43
2026-01-14,Wed,1h,7,6937.41,6941.30,6885.74,6928.41,55.56,-9.00
2026-01-15,Thu,1h,7,6969.46,6979.34,6937.93,6944.97,41.41,-24.49
2026-01-16,Fri,1h,7,6960.54,6967.30,6925.09,6939.46,42.21,-21.08
2026-01-20,Tue,1h,7,6865.24,6869.86,6789.05,6796.76,80.81,-68.48
2026-01-21,Wed,1h,7,6810.71,6910.39,6804.96,6875.48,105.43,+64.77
2026-01-22,Thu,1h,7,6914.44,6934.75,6893.62,6912.54,41.13,-1.90
2026-01-23,Fri,1h,7,6907.85,6932.96,6895.50,6915.16,37.46,+7.31
2026-01-26,Mon,1h,7,6923.23,6964.66,6921.60,6950.15,43.06,+26.92
2026-01-27,Tue,1h,7,6965.96,6988.82,6958.83,6978.58,29.99,+12.62
2026-01-28,Wed,1h,7,7002.00,7002.28,6963.46,6976.28,38.82,-25.72
2026-01-29,Thu,1h,7,6977.74,6992.84,6870.80,6966.27,122.04,-11.47
2026-01-30,Fri,1h,2,6947.27,6962.20,6931.91,6939.40,30.29,-7.87
2026-02-02,Mon,1h,3,6987.70,6991.55,6972.69,6976.23,18.86,-11.47
2026-02-03,Tue,1h,7,6985.45,6993.08,6862.05,6917.40,131.03,-68.05
2026-02-04,Wed,1h,7,6924.50,6936.09,6838.80,6882.76,97.29,-41.74
2026-02-05,Thu,1h,7,6837.39,6857.85,6780.13,6799.99,77.72,-37.40
2026-02-06,Fri,1h,7,6816.74,6944.89,6816.74,6930.27,128.15,+113.53
2026-02-09,Mon,1h,7,6917.26,6980.10,6905.87,6963.17,74.23,+45.91
2026-02-10,Tue,1h,7,6974.49,6986.83,6937.53,6940.01,49.30,-34.48
2026-02-11,Wed,1h,7,6976.48,6993.48,6911.97,6939.68,81.51,-36.80
2026-02-12,Thu,1h,7,6957.54,6973.22,6824.04,6833.54,149.18,-124.00
2026-02-13,Fri,1h,7,6834.27,6881.96,6794.55,6835.08,87.41,+0.81
2026-02-17,Tue,1h,7,6819.86,6866.99,6775.50,6846.03,91.49,+26.17
2026-02-18,Wed,1h,7,6855.48,6909.12,6849.66,6879.66,59.46,+24.18
2026-02-19,Thu,1h,7,6861.34,6879.12,6833.06,6861.65,46.06,+0.31
2026-02-20,Fri,1h,7,6843.26,6915.86,6836.33,6910.22,79.53,+66.96
2026-02-23,Mon,1h,7,6901.25,6916.96,6819.82,6839.59,97.14,-61.66
2026-02-24,Tue,1h,7,6837.37,6899.17,6815.43,6891.04,83.74,+53.67
2026-02-25,Wed,1h,7,6915.15,6952.51,6915.15,6946.89,37.36,+31.74
2026-02-26,Thu,1h,7,6944.74,6947.25,6859.73,6909.01,87.52,-35.73
2026-02-27,Fri,1h,7,6856.54,6882.96,6831.74,6878.04,51.22,+21.50
2026-03-02,Mon,1h,7,6824.36,6901.01,6796.85,6880.05,104.16,+55.69
2026-03-03,Tue,1h,7,6800.26,6840.05,6710.42,6816.59,129.63,+16.33
2026-03-04,Wed,1h,7,6831.69,6885.94,6811.64,6868.95,74.30,+37.26
2026-03-05,Thu,1h,7,6851.08,6870.43,6770.78,6829.91,99.65,-21.17
2026-03-06,Fri,1h,7,6769.03,6773.42,6711.56,6738.15,61.86,-30.88
2026-03-09,Mon,1h,7,6699.80,6810.44,6636.04,6796.24,174.40,+96.44
2026-03-10,Tue,1h,7,6796.56,6845.08,6759.74,6781.31,85.34,-15.25
2026-03-11,Wed,1h,7,6790.09,6811.15,6745.59,6774.76,65.56,-15.33
2026-03-12,Thu,1h,7,6740.88,6740.88,6670.40,6671.81,70.48,-69.07
2026-03-13,Fri,1h,7,6673.49,6733.30,6623.92,6631.88,109.38,-41.61
2026-03-16,Mon,1h,7,6674.37,6729.79,6674.37,6699.85,55.42,+25.48
2026-03-17,Tue,1h,7,6722.35,6754.30,6710.80,6717.19,43.50,-5.16
2026-03-18,Wed,1h,7,6697.16,6705.18,6621.66,6624.38,83.52,-72.78
2026-03-19,Thu,1h,7,6583.12,6636.74,6557.82,6606.20,78.92,+23.08
2026-03-20,Fri,1h,7,6594.66,6594.66,6473.52,6508.32,121.14,-86.34
2026-03-23,Mon,1h,7,6574.96,6651.62,6565.55,6581.76,86.07,+6.80
2026-03-24,Tue,1h,7,6552.09,6595.75,6525.11,6557.38,70.64,+5.29
2026-03-25,Wed,1h,7,6598.35,6633.94,6568.41,6592.44,65.53,-5.91
2026-03-26,Thu,1h,7,6555.86,6573.22,6473.79,6477.11,99.43,-78.75
2026-03-27,Fri,1h,7,6453.89,6453.89,6356.08,6367.77,97.81,-86.12
2026-03-30,Mon,1h,7,6403.37,6427.31,6316.91,6343.75,110.40,-59.62
2026-03-31,Tue,1h,7,6395.88,6539.05,6395.88,6528.65,143.17,+132.77
2026-04-01,Wed,1h,7,6556.56,6609.67,6554.29,6575.08,55.38,+18.52
2026-04-02,Thu,1h,7,6512.61,6601.91,6474.94,6581.56,126.97,+68.95
2026-04-06,Mon,1h,7,6587.66,6618.13,6579.72,6611.31,38.41,+23.65
2026-04-07,Tue,1h,7,6601.93,6618.26,6534.55,6617.92,83.71,+15.99
2026-04-08,Wed,1h,7,6754.36,6793.50,6740.28,6783.48,53.22,+29.12
2026-04-09,Thu,1h,7,6783.69,6835.31,6761.55,6823.94,73.76,+40.25
2026-04-10,Fri,1h,7,6839.24,6845.77,6808.46,6817.90,37.31,-21.34
2026-04-13,Mon,1h,7,6806.47,6887.00,6790.02,6885.91,96.98,+79.44
2026-04-14,Tue,1h,7,6910.20,6969.42,6905.17,6966.78,64.25,+56.58
2026-04-15,Wed,1h,7,6978.17,7026.24,6967.13,7022.10,59.11,+43.93
2026-04-16,Thu,1h,7,7037.78,7051.23,7008.52,7039.37,42.71,+1.59
2026-04-17,Fri,1h,7,7074.55,7147.52,7074.55,7125.12,72.97,+50.57
2026-04-20,Mon,1h,7,7117.05,7122.65,7084.41,7110.38,38.24,-6.67
2026-04-21,Tue,1h,7,7122.64,7137.27,7050.20,7064.31,87.07,-58.33
2026-04-22,Wed,1h,7,7102.91,7138.64,7102.91,7137.12,35.73,+34.21
2026-04-23,Thu,1h,7,7118.80,7147.78,7046.55,7108.04,101.23,-10.76
2026-04-24,Fri,1h,7,7136.48,7168.59,7112.82,7164.29,55.77,+27.81
2026-04-27,Mon,1h,7,7152.72,7178.74,7146.72,7174.01,32.02,+21.29
2026-04-28,Tue,1h,7,7133.74,7152.52,7115.17,7139.24,37.35,+5.50
2026-04-29,Wed,1h,7,7131.61,7145.63,7107.86,7137.56,37.77,+5.95
2026-04-30,Thu,1h,7,7161.75,7219.83,7126.15,7209.63,93.68,+47.88
2026-05-01,Fri,1h,7,7234.54,7272.52,7229.32,7229.32,43.20,-5.22
2026-05-04,Mon,1h,7,7228.38,7244.54,7174.12,7201.46,70.42,-26.92
2026-05-05,Tue,1h,7,7233.62,7273.26,7233.62,7259.47,39.64,+25.85
2026-05-06,Wed,1h,7,7294.14,7369.22,7294.14,7363.68,75.08,+69.54
2026-05-07,Thu,1h,7,7376.78,7385.02,7321.25,7337.11,63.77,-39.67
2026-05-08,Fri,1h,7,7362.97,7401.50,7362.97,7397.43,38.53,+34.46
2026-05-11,Mon,1h,7,7385.31,7428.97,7384.20,7412.95,44.77,+27.64
2026-05-12,Tue,1h,7,7390.63,7409.57,7338.54,7401.63,71.03,+11.00
2026-05-13,Wed,1h,7,7409.12,7460.04,7375.13,7444.88,84.91,+35.76
2026-05-14,Thu,1h,7,7454.40,7517.12,7454.40,7502.04,62.72,+47.64
2026-05-15,Fri,1h,7,7445.11,7454.85,7397.50,7409.18,57.35,-35.93
2026-05-18,Mon,1h,7,7415.07,7434.06,7353.17,7403.10,80.89,-11.97
2026-05-19,Tue,5m,78,7375.75,7395.32,7333.68,7354.96,61.64,-20.79
2026-05-20,Wed,5m,78,7369.19,7435.69,7357.46,7432.77,78.23,+63.58
2026-05-21,Thu,5m,78,7410.78,7465.96,7389.48,7446.05,76.48,+35.27
2026-05-22,Fri,5m,78,7468.82,7506.32,7463.29,7474.07,43.03,+5.25
2026-05-26,Tue,5m,78,7511.79,7539.09,7501.10,7519.47,37.99,+7.68
2026-05-27,Wed,5m,78,7526.01,7530.72,7499.72,7521.29,31.00,-4.72
2026-05-28,Thu,5m,78,7519.82,7568.72,7508.04,7563.43,60.68,+43.61
2026-05-29,Fri,5m,78,7579.33,7599.38,7563.55,7581.25,35.83,+1.92
2026-06-01,Mon,5m,78,7582.29,7617.66,7562.61,7600.25,55.05,+17.96
2026-06-02,Tue,5m,78,7595.40,7620.90,7582.99,7610.51,37.91,+15.11
2026-06-03,Wed,5m,78,7605.31,7605.35,7551.22,7556.82,54.13,-48.49
2026-06-04,Thu,5m,78,7516.54,7598.19,7516.54,7584.82,81.65,+68.28
2026-06-05,Fri,5m,78,7537.36,7541.81,7368.63,7384.67,173.18,-152.69
2026-06-08,Mon,5m,78,7440.57,7466.81,7395.13,7405.81,71.68,-34.76
2026-06-09,Tue,5m,78,7438.66,7483.15,7237.85,7386.31,245.30,-52.35
2026-06-10,Wed,5m,78,7350.54,7396.56,7265.93,7267.65,130.63,-82.89
2026-06-11,Thu,5m,78,7287.67,7412.68,7257.33,7393.06,155.35,+105.39
2026-06-12,Fri,5m,78,7410.85,7456.40,7363.01,7430.86,93.39,+20.01
2026-06-15,Mon,5m,78,7516.75,7577.92,7516.75,7555.26,61.17,+38.51
2026-06-16,Tue,5m,78,7548.78,7564.96,7508.68,7512.99,56.28,-35.79
2026-06-17,Wed,5m,78,7524.50,7532.17,7402.61,7421.76,129.56,-102.74
2026-06-18,Thu,5m,78,7487.36,7511.07,7468.32,7497.86,42.75,+10.50
2026-06-22,Mon,5m,78,7500.44,7530.01,7460.01,7475.46,70.00,-24.98
2026-06-23,Tue,5m,78,7366.51,7424.17,7347.60,7365.92,76.57,-0.59
2026-06-24,Wed,5m,78,7370.88,7428.06,7336.82,7359.90,91.24,-10.98
2026-06-25,Thu,5m,78,7404.91,7419.08,7323.50,7357.17,95.58,-47.74
2026-06-26,Fri,5m,78,7312.74,7392.95,7294.18,7337.81,98.77,+25.07
2026-06-29,Mon,5m,78,7391.88,7444.32,7348.88,7439.26,95.44,+47.38
2026-06-30,Tue,5m,78,7441.27,7508.29,7438.04,7496.31,70.25,+55.04
2026-07-01,Wed,5m,78,7478.84,7521.81,7449.63,7485.02,72.18,+6.18
2026-07-02,Thu,5m,78,7495.14,7540.75,7427.55,7477.63,113.20,-17.51
2026-07-06,Mon,5m,78,7506.96,7551.31,7500.97,7538.34,50.34,+31.38
2026-07-07,Tue,5m,78,7516.63,7536.06,7478.63,7503.36,57.43,-13.27
2026-07-08,Wed,5m,78,7476.54,7488.51,7421.82,7481.46,66.69,+4.92
2026-07-09,Thu,5m,78,7491.60,7546.89,7481.73,7542.28,65.16,+50.68
2026-07-10,Fri,5m,78,7547.64,7579.93,7508.16,7575.38,71.77,+27.74
2026-07-13,Mon,5m,78,7547.53,7565.37,7506.41,7515.90,58.96,-31.63
2026-07-14,Tue,5m,78,7536.70,7557.44,7513.23,7544.29,44.21,+7.59
2026-07-15,Wed,5m,78,7571.72,7581.50,7526.95,7572.20,54.55,+0.48
2026-07-16,Thu,5m,78,7558.80,7570.74,7504.02,7534.62,66.72,-24.18
2026-07-17,Fri,1m,390,7447.52,7498.47,7431.26,7457.78,67.21,+10.26
2026-07-20,Mon,1m,390,7489.18,7513.23,7440.53,7444.73,72.70,-44.45
2026-07-21,Tue,1m,390,7489.95,7515.31,7467.86,7507.32,47.45,+17.37
2026-07-22,Wed,1m,390,7497.47,7525.94,7485.85,7499.44,40.09,+1.97
2026-07-23,Thu,1m,390,7418.29,7450.12,7376.00,7408.18,74.12,-10.11
2026-07-24,Fri,1m,390,7406.30,7460.98,7396.53,7412.88,64.45,+6.58
2026-07-27,Mon,1m,390,7464.20,7480.57,7382.74,7413.43,97.83,-50.77
2026-07-28,Tue,1m,390,7395.55,7452.09,7382.95,7427.26,69.14,+31.71
2026-07-29,Wed,1m,390,7418.16,7450.84,7313.92,7320.23,136.92,-97.93
2026-07-30,Thu,1m,390,7390.45,7448.75,7370.98,7437.53,77.77,+47.08
2026-07-31,Fri,1m,390,7462.13,7512.04,7399.83,7489.52,112.21,+27.39
2026-08-03,Mon,1m,390,7504.78,7610.04,7504.78,7599.97,105.26,+95.19
2026-08-04,Tue,1m,390,7630.62,7758.21,7629.10,7735.60,129.11,+104.98
2026-08-05,Wed,1m,390,7771.62,7793.68,7720.17,7722.12,73.51,-49.50
2026-08-06,Thu,1m,390,7713.79,7742.85,7698.15,7711.38,44.70,-2.41
2026-08-07,Fri,1m,390,7735.18,7763.08,7719.19,7755.61,43.89,+20.43
2026-08-10,Mon,1m,390,7751.74,7773.76,7743.11,7753.15,30.65,+1.41
2026-08-11,Tue,1m,390,7767.51,7767.51,7717.25,7727.41,50.26,-40.10
2026-08-12,Wed,1m,390,7765.46,7766.01,7737.95,7748.71,28.06,-16.75
2026-08-13,Thu,1m,385,7763.18,7816.70,7763.18,7798.99,53.52,+35.81
2026-08-14,Fri,1m,384,7806.60,7810.01,7776.31,7786.01,33.70,-20.59
2026-08-17,Mon,1m,390,7790.68,7790.68,7744.88,7746.14,45.80,-44.54
2026-08-18,Tue,1m,391,7700.04,7713.95,7688.63,7691.76,25.32,-8.28
2026-08-19,Wed,1m,391,7716.74,7743.93,7700.07,7707.98,43.86,-8.76
2026-08-20,Thu,1m,391,7690.49,7699.96,7639.01,7641.16,60.95,-49.33
2026-08-21,Fri,1m,391,7665.68,7697.11,7660.06,7674.37,37.05,+8.69
2026-08-24,Mon,1m,391,7663.38,7670.30,7638.17,7652.86,32.13,-10.52
2026-08-25,Tue,1m,391,7676.66,7686.11,7650.92,7677.28,35.19,+0.62
2026-08-26,Wed,1m,391,7666.88,7690.73,7657.41,7675.70,33.32,+8.82
2026-08-27,Thu,1m,390,7710.34,7741.27,7689.89,7730.11,51.38,+19.77
2026-08-28,Fri,1m,391,7735.17,7771.48,7700.91,7711.76,70.57,-23.41
2026-08-31,Mon,1m,391,7697.52,7697.52,7665.06,7686.14,32.46,-11.38
2026-09-01,Tue,1m,391,7635.47,7663.63,7611.20,7631.47,52.43,-4.00
2026-09-02,Wed,1m,391,7634.58,7681.19,7633.62,7666.60,47.57,+32.02
2026-09-03,Thu,1m,390,7686.71,7756.76,7686.71,7747.71,70.05,+61.00
2026-09-04,Fri,1m,391,7750.19,7750.19,7706.12,7718.60,44.07,-31.59
2026-09-08,Tue,1m,391,7717.81,7717.81,7666.99,7673.52,50.82,-44.29
2026-09-09,Wed,1m,391,7660.68,7660.68,7624.16,7636.36,36.52,-24.32
2026-09-10,Thu,1m,391,7594.74,7612.86,7580.06,7591.70,32.80,-3.04
2026-09-11,Fri,1m,391,7636.75,7677.02,7636.75,7656.98,40.27,+20.23
2026-09-14,Mon,1m,391,7611.44,7647.99,7592.28,7619.98,55.71,+8.54
2026-09-15,Tue,1m,391,7612.30,7617.26,7572.69,7585.73,44.57,-26.57
2026-09-16,Wed,1m,391,7601.25,7626.79,7507.77,7551.81,119.02,-49.44
2026-09-17,Thu,1m,391,7631.44,7646.86,7611.81,7637.76,35.05,+6.32
2026-09-18,Fri,1m,391,7657.17,7657.17,7610.52,7650.50,46.65,-6.67
2026-09-21,Mon,1m,391,7692.83,7779.22,7691.19,7764.70,88.03,+71.87
2026-09-22,Tue,1m,391,7770.81,7782.19,7756.26,7764.64,25.93,-6.17
2026-09-23,Wed,1m,391,7761.94,7761.94,7694.89,7706.03,67.05,-55.91
2026-09-24,Thu,1m,391,7666.99,7719.01,7662.57,7704.13,56.44,+37.14
2026-09-25,Fri,1m,391,7709.86,7752.07,7693.08,7743.41,58.99,+33.55
2026-09-28,Mon,1m,391,7721.70,7724.15,7666.60,7683.69,57.55,-38.01
2026-09-29,Tue,1m,391,7699.60,7699.60,7653.55,7670.84,46.05,-28.76
2026-09-30,Wed,1m,391,7688.99,7722.88,7651.54,7651.54,71.34,-37.45
2026-10-01,Thu,1m,391,7666.47,7684.75,7616.78,7666.45,67.97,-0.02
2026-10-02,Fri,1m,391,7726.24,7754.67,7700.51,7722.72,54.16,-3.52
2026-10-05,Mon,1m,391,7730.86,7794.35,7727.59,7773.95,66.76,+43.09
