time,open,high,low,close
09:30,7730.86,7731.27,7727.59,7729.7
09:31,7729.96,7737.01,7729.96,7737.01
09:32,7737.13,7739.11,7737.13,7738.75
09:33,7738.36,7738.39,7735.1,7737.63
09:34,7738.01,7738.49,7736.3,7738.31
09:35,7738.37,7738.83,7736.59,7738.22
09:36,7738.77,7738.8,7735.51,7736.34
09:37,7736.03,7738.07,7733.9,7734.2
09:38,7734.51,7736.59,7733.44,7735.35
09:39,7735.22,7736.55,7734.75,7735.29
09:40,7735.62,7735.62,7733.48,7735.22
09:41,7735.38,7737.69,7734.85,7737.69
09:42,7737.86,7738.48,7736.38,7736.42
09:43,7736.43,7737.63,7733.68,7734.81
09:44,7734.81,7735.74,7732.29,7735.63
09:45,7735.74,7737.97,7733.8,7735.39
09:46,7735.46,7735.46,7731.51,7732.48
09:47,7732.43,7734.53,7732.07,7734.45
09:48,7734.14,7736.24,7733.88,7734.55
09:49,7734.28,7736.44,7732.58,7734.16
09:50,7734.25,7735.31,7732.26,7735.31
09:51,7735.13,7737.91,7735.13,7736.65
09:52,7736.46,7736.7,7735.18,7735.55
09:53,7735.47,7735.97,7732.53,7733.33
09:54,7733.36,7735.4,7732.89,7733.19
09:55,7733.0,7735.93,7732.77,7735.85
09:56,7735.82,7737.14,7734.37,7735.36
09:57,7735.4,7735.76,7734.49,7735.52
09:58,7735.51,7736.73,7732.97,7732.97
09:59,7733.01,7736.81,7732.55,7736.21
10:00,7736.12,7736.12,7729.38,7729.8
10:01,7730.47,7736.58,7730.02,7735.97
10:02,7735.79,7739.37,7735.14,7737.81
10:03,7737.81,7738.7,7736.5,7738.7
10:04,7738.68,7740.97,7738.3,7739.24
10:05,7739.02,7741.54,7738.93,7741.54
10:06,7741.7,7743.09,7741.34,7742.1
10:07,7742.28,7743.64,7741.77,7742.95
10:08,7742.98,7745.44,7741.25,7744.97
10:09,7745.09,7746.85,7743.2,7746.85
10:10,7746.92,7747.81,7744.7,7745.41
10:11,7744.69,7748.38,7744.55,7747.99
10:12,7748.01,7750.0,7747.64,7749.22
10:13,7749.31,7749.76,7748.33,7749.76
10:14,7749.7,7750.03,7748.17,7748.21
10:15,7748.42,7752.12,7747.55,7751.92
10:16,7751.55,7754.98,7751.47,7753.84
10:17,7754.02,7755.09,7753.17,7753.93
10:18,7753.9,7753.9,7751.77,7752.96
10:19,7752.93,7753.95,7752.38,7753.5
10:20,7753.32,7756.67,7753.32,7756.67
10:21,7756.58,7757.4,7754.84,7755.27
10:22,7755.49,7757.01,7755.42,7756.4
10:23,7756.43,7757.18,7754.52,7755.3
10:24,7755.31,7756.28,7755.09,7756.28
10:25,7756.13,7757.03,7754.94,7756.75
10:26,7756.77,7758.32,7756.33,7756.6
10:27,7756.64,7756.72,7755.0,7755.07
10:28,7755.08,7755.51,7753.67,7753.84
10:29,7753.74,7756.11,7753.72,7756.01
10:30,7755.61,7756.16,7751.59,7752.2
10:31,7751.95,7751.95,7749.7,7750.73
10:32,7750.62,7750.7,7748.38,7748.38
10:33,7748.52,7749.37,7746.4,7746.4
10:34,7746.55,7747.45,7746.14,7746.9
10:35,7746.87,7748.03,7746.66,7747.96
10:36,7748.14,7748.48,7747.26,7747.26
10:37,7747.44,7752.09,7747.36,7750.87
10:38,7750.81,7751.71,7750.48,7751.64
10:39,7751.56,7752.27,7750.2,7752.27
10:40,7752.3,7752.4,7751.04,7752.35
10:41,7752.49,7753.79,7752.04,7752.58
10:42,7752.57,7752.57,7750.13,7750.47
10:43,7750.6,7751.33,7750.12,7750.4
10:44,7750.61,7752.2,7750.61,7751.18
10:45,7751.1,7752.23,7751.0,7752.23
10:46,7752.34,7753.7,7752.13,7752.53
10:47,7752.62,7752.75,7750.95,7752.05
10:48,7752.16,7753.31,7751.19,7751.19
10:49,7751.24,7752.84,7750.93,7752.73
10:50,7752.71,7753.6,7752.53,7753.1
10:51,7753.09,7753.46,7750.39,7751.44
10:52,7751.02,7752.43,7750.91,7751.6
10:53,7751.49,7753.32,7751.49,7752.83
10:54,7752.87,7753.29,7752.43,7752.99
10:55,7753.02,7753.24,7750.68,7751.7
10:56,7751.72,7753.26,7751.69,7752.72
10:57,7752.89,7756.46,7752.89,7756.46
10:58,7756.34,7757.31,7756.16,7756.57
10:59,7756.51,7756.91,7756.24,7756.87
11:00,7756.74,7757.72,7756.28,7756.65
11:01,7756.64,7757.38,7756.18,7756.57
11:02,7756.5,7756.94,7755.25,7755.37
11:03,7755.45,7756.21,7754.06,7754.26
11:04,7754.42,7756.63,7754.42,7756.63
11:05,7756.75,7756.75,7755.15,7755.15
11:06,7755.14,7755.27,7754.28,7754.36
11:07,7754.4,7754.74,7753.01,7754.72
11:08,7754.75,7755.26,7753.56,7754.26
11:09,7754.14,7754.14,7752.56,7752.8
11:10,7752.81,7754.16,7752.13,7754.16
11:11,7754.47,7754.68,7753.03,7753.15
11:12,7753.12,7754.44,7752.74,7752.74
11:13,7752.7,7753.14,7751.96,7753.07
11:14,7753.15,7755.02,7752.67,7754.63
11:15,7754.72,7755.5,7752.54,7753.1
11:16,7753.14,7753.92,7751.97,7753.92
11:17,7753.99,7754.97,7753.41,7754.77
11:18,7754.48,7754.66,7753.37,7753.73
11:19,7753.8,7755.03,7753.8,7755.03
11:20,7754.98,7755.91,7754.82,7755.4
11:21,7755.31,7755.36,7753.8,7754.08
11:22,7754.19,7754.71,7753.02,7753.96
11:23,7754.02,7756.11,7753.98,7755.41
11:24,7755.4,7757.28,7755.19,7756.61
11:25,7756.59,7757.17,7755.98,7756.38
11:26,7756.36,7756.46,7755.03,7755.03
11:27,7754.84,7755.38,7753.94,7755.38
11:28,7755.59,7755.64,7755.04,7755.42
11:29,7755.53,7757.73,7755.5,7757.29
11:30,7757.3,7758.4,7757.18,7757.66
11:31,7757.71,7759.01,7757.71,7758.41
11:32,7758.45,7759.24,7758.16,7759.23
11:33,7759.36,7759.88,7758.14,7759.88
11:34,7759.85,7759.88,7758.33,7759.02
11:35,7758.92,7759.31,7757.86,7758.4
11:36,7758.28,7759.32,7758.28,7758.91
11:37,7758.94,7759.7,7757.99,7758.98
11:38,7758.81,7759.65,7758.77,7759.65
11:39,7759.29,7759.6,7758.73,7759.54
11:40,7759.17,7759.27,7758.09,7758.91
11:41,7758.84,7761.27,7758.77,7761.27
11:42,7761.28,7762.33,7761.12,7761.89
11:43,7761.87,7763.23,7761.62,7763.01
11:44,7763.06,7763.33,7761.88,7761.99
11:45,7762.06,7762.14,7759.86,7759.97
11:46,7759.93,7760.34,7759.0,7759.85
11:47,7759.88,7760.51,7759.49,7760.51
11:48,7760.5,7761.54,7760.4,7761.31
11:49,7761.21,7762.29,7761.15,7762.29
11:50,7762.35,7762.38,7761.57,7762.14
11:51,7762.16,7763.11,7761.72,7763.11
11:52,7763.09,7763.44,7762.12,7762.3
11:53,7762.41,7762.86,7761.9,7762.14
11:54,7762.16,7762.84,7761.73,7761.8
11:55,7761.94,7761.94,7760.88,7761.0
11:56,7761.06,7761.48,7760.68,7761.4
11:57,7761.51,7762.41,7761.27,7762.06
11:58,7762.1,7762.4,7760.86,7761.54
11:59,7762.07,7762.69,7762.02,7762.03
12:00,7762.09,7762.37,7759.93,7760.09
12:01,7760.17,7760.99,7760.13,7760.92
12:02,7760.92,7761.7,7760.59,7760.59
12:03,7760.53,7760.64,7758.34,7758.34
12:04,7758.48,7759.28,7758.48,7758.82
12:05,7758.8,7759.55,7758.67,7759.29
12:06,7759.22,7759.33,7758.57,7759.22
12:07,7759.08,7759.41,7758.2,7758.2
12:08,7758.24,7759.07,7758.16,7758.98
12:09,7759.07,7760.43,7758.8,7760.43
12:10,7760.43,7760.71,7759.37,7759.41
12:11,7759.4,7760.4,7759.4,7760.19
12:12,7760.26,7761.17,7760.18,7761.17
12:13,7761.25,7761.42,7760.82,7761.21
12:14,7761.18,7761.35,7760.56,7760.81
12:15,7760.75,7760.75,7758.34,7758.89
12:16,7758.89,7759.8,7758.47,7759.48
12:17,7759.48,7760.19,7758.6,7758.9
12:18,7758.95,7759.59,7758.14,7758.51
12:19,7758.65,7759.35,7758.08,7758.52
12:20,7758.5,7758.88,7758.24,7758.28
12:21,7758.29,7758.95,7757.83,7758.95
12:22,7759.03,7760.94,7758.87,7760.58
12:23,7760.51,7763.79,7760.3,7763.62
12:24,7763.64,7764.76,7763.62,7763.89
12:25,7763.9,7764.1,7763.15,7763.38
12:26,7763.25,7764.61,7763.25,7764.41
12:27,7764.32,7764.79,7763.52,7764.24
12:28,7764.23,7764.88,7764.1,7764.35
12:29,7764.26,7765.3,7764.26,7764.71
12:30,7764.76,7765.21,7764.51,7765.14
12:31,7765.07,7765.4,7764.4,7764.43
12:32,7764.37,7764.67,7763.89,7763.89
12:33,7764.04,7764.89,7763.95,7764.84
12:34,7764.85,7765.75,7764.85,7765.43
12:35,7765.65,7766.83,7765.61,7766.56
12:36,7766.67,7767.59,7766.36,7767.59
12:37,7767.58,7768.16,7767.31,7767.73
12:38,7767.71,7769.02,7767.64,7769.0
12:39,7768.96,7768.96,7768.21,7768.31
12:40,7768.39,7769.15,7768.38,7769.07
12:41,7769.1,7770.83,7769.1,7770.64
12:42,7770.58,7771.43,7770.4,7771.43
12:43,7771.46,7773.15,7771.42,7772.35
12:44,7772.38,7773.32,7772.34,7773.24
12:45,7773.18,7773.61,7772.53,7772.81
12:46,7772.68,7772.68,7771.7,7772.12
12:47,7772.06,7772.06,7770.69,7770.86
12:48,7770.77,7771.21,7770.26,7771.21
12:49,7771.25,7772.25,7771.1,7771.85
12:50,7771.82,7772.37,7771.48,7772.34
12:51,7772.39,7773.45,7772.24,7772.46
12:52,7772.58,7773.37,7772.43,7772.94
12:53,7772.98,7773.6,7772.5,7773.39
12:54,7773.44,7773.87,7772.42,7772.42
12:55,7772.39,7772.52,7770.63,7770.63
12:56,7770.64,7771.87,7770.61,7770.93
12:57,7770.93,7771.04,7770.15,7770.34
12:58,7770.29,7771.0,7770.17,7771.0
12:59,7770.98,7771.54,7769.66,7769.66
13:00,7769.59,7770.06,7768.76,7769.29
13:01,7769.3,7769.98,7769.04,7769.83
13:02,7769.84,7769.84,7768.31,7768.31
13:03,7768.34,7768.35,7767.69,7767.96
13:04,7767.94,7768.8,7767.16,7767.22
13:05,7767.2,7767.76,7766.57,7767.57
13:06,7767.62,7768.72,7767.58,7768.28
13:07,7768.34,7769.61,7768.34,7769.38
13:08,7769.44,7769.6,7768.51,7768.86
13:09,7768.84,7769.35,7768.58,7768.68
13:10,7768.75,7769.63,7768.75,7769.62
13:11,7769.86,7770.03,7769.1,7770.03
13:12,7770.03,7770.85,7769.83,7770.2
13:13,7770.22,7770.46,7770.06,7770.14
13:14,7770.22,7770.61,7769.9,7770.61
13:15,7770.56,7772.19,7770.56,7772.19
13:16,7772.27,7772.41,7771.41,7772.21
13:17,7772.18,7772.18,7770.52,7770.54
13:18,7770.61,7771.05,7770.13,7770.41
13:19,7770.5,7771.68,7770.5,7771.68
13:20,7771.67,7772.57,7771.44,7772.41
13:21,7772.37,7772.37,7771.24,7771.29
13:22,7771.25,7772.58,7771.22,7771.78
13:23,7771.77,7772.36,7771.64,7772.22
13:24,7772.11,7772.59,7772.05,7772.42
13:25,7772.35,7773.39,7771.34,7771.37
13:26,7771.38,7771.62,7770.89,7770.9
13:27,7770.99,7771.71,7770.69,7771.1
13:28,7771.11,7772.28,7771.1,7772.28
13:29,7772.22,7772.34,7771.48,7772.21
13:30,7772.18,7772.24,7770.66,7770.95
13:31,7770.96,7771.68,7770.84,7771.62
13:32,7771.55,7771.72,7770.98,7771.2
13:33,7771.13,7771.14,7770.4,7771.14
13:34,7771.1,7771.71,7770.65,7771.29
13:35,7771.31,7771.31,7770.68,7771.1
13:36,7771.18,7771.93,7771.15,7771.58
13:37,7771.59,7772.38,7771.53,7772.1
13:38,7772.09,7772.09,7771.04,7771.04
13:39,7771.07,7771.12,7770.06,7770.24
13:40,7770.27,7770.47,7769.83,7769.83
13:41,7769.93,7771.02,7769.79,7771.01
13:42,7771.05,7771.89,7771.05,7771.3
13:43,7771.38,7773.28,7771.32,7773.18
13:44,7773.22,7776.97,7773.22,7776.89
13:45,7776.85,7778.0,7776.72,7776.81
13:46,7776.7,7776.7,7775.74,7776.03
13:47,7775.99,7775.99,7775.08,7775.1
13:48,7775.12,7775.65,7774.4,7775.61
13:49,7775.78,7775.78,7775.26,7775.64
13:50,7775.63,7776.46,7775.41,7775.41
13:51,7775.41,7776.18,7775.41,7775.76
13:52,7775.74,7776.03,7775.22,7775.22
13:53,7775.32,7776.37,7775.04,7776.34
13:54,7776.36,7776.36,7774.85,7774.91
13:55,7774.87,7774.89,7774.37,7774.55
13:56,7774.52,7775.03,7774.29,7774.69
13:57,7774.72,7775.7,7774.54,7775.49
13:58,7775.39,7775.98,7775.29,7775.95
13:59,7776.06,7776.59,7775.59,7776.28
14:00,7776.25,7776.86,7775.66,7776.41
14:01,7776.43,7777.64,7776.36,7777.59
14:02,7777.53,7777.64,7776.54,7777.37
14:03,7777.25,7777.44,7776.64,7777.16
14:04,7777.16,7777.25,7776.59,7777.12
14:05,7777.19,7777.26,7773.46,7774.35
14:06,7774.46,7774.71,7773.71,7774.1
14:07,7774.06,7774.28,7773.61,7773.77
14:08,7773.69,7774.56,7773.54,7774.29
14:09,7774.27,7775.63,7774.2,7775.38
14:10,7775.48,7775.9,7775.45,7775.45
14:11,7775.49,7775.87,7775.42,7775.63
14:12,7775.63,7775.74,7775.3,7775.62
14:13,7775.64,7775.9,7775.21,7775.75
14:14,7775.98,7776.33,7775.48,7776.29
14:15,7776.36,7776.96,7776.22,7776.63
14:16,7776.64,7777.76,7776.52,7777.57
14:17,7777.55,7777.92,7777.45,7777.89
14:18,7777.9,7778.04,7777.46,7777.55
14:19,7777.55,7777.57,7776.89,7776.89
14:20,7776.83,7777.02,7776.53,7776.73
14:21,7776.77,7778.58,7776.72,7778.56
14:22,7778.52,7778.64,7777.66,7777.67
14:23,7777.66,7777.68,7777.26,7777.61
14:24,7777.65,7778.09,7777.45,7778.06
14:25,7778.09,7778.17,7777.42,7777.45
14:26,7777.47,7779.09,7777.47,7778.95
14:27,7779.12,7780.31,7778.96,7779.97
14:28,7779.94,7781.97,7779.94,7781.25
14:29,7781.29,7781.58,7780.19,7780.28
14:30,7780.24,7781.12,7779.6,7780.65
14:31,7780.73,7780.82,7779.36,7779.36
14:32,7779.48,7779.74,7778.83,7779.6
14:33,7779.69,7780.5,7779.57,7779.95
14:34,7779.88,7780.12,7779.54,7779.96
14:35,7779.94,7781.22,7779.94,7781.22
14:36,7781.28,7781.66,7780.96,7781.03
14:37,7780.84,7780.89,7780.04,7780.38
14:38,7780.19,7780.19,7779.54,7779.75
14:39,7779.73,7780.51,7779.53,7780.51
14:40,7780.46,7780.71,7780.12,7780.71
14:41,7780.74,7781.28,7780.52,7780.59
14:42,7780.61,7781.4,7780.59,7780.69
14:43,7780.65,7780.73,7779.18,7779.33
14:44,7779.16,7780.16,7778.85,7779.92
14:45,7779.89,7780.23,7779.46,7780.06
14:46,7779.94,7780.62,7779.9,7780.01
14:47,7779.96,7780.0,7779.16,7779.45
14:48,7779.43,7779.59,7779.01,7779.25
14:49,7779.26,7779.91,7779.26,7779.88
14:50,7779.89,7780.2,7779.27,7779.57
14:51,7779.63,7781.24,7779.63,7781.24
14:52,7781.28,7781.76,7780.96,7781.41
14:53,7781.38,7782.09,7781.35,7781.51
14:54,7781.43,7781.43,7780.79,7781.11
14:55,7781.06,7781.48,7780.95,7781.15
14:56,7781.19,7782.25,7781.09,7782.25
14:57,7782.26,7783.48,7782.19,7783.48
14:58,7783.43,7784.61,7783.43,7784.61
14:59,7784.62,7785.16,7784.08,7784.27
15:00,7784.32,7785.34,7784.26,7785.13
15:01,7785.19,7787.06,7785.19,7786.62
15:02,7786.65,7789.05,7786.57,7788.84
15:03,7788.81,7789.09,7788.23,7788.6
15:04,7788.66,7788.83,7787.63,7787.67
15:05,7787.63,7787.95,7787.46,7787.95
15:06,7787.99,7788.72,7787.62,7787.69
15:07,7787.75,7787.8,7786.7,7787.0
15:08,7786.98,7787.07,7785.65,7785.98
15:09,7786.03,7786.85,7785.97,7786.6
15:10,7786.62,7786.8,7785.41,7786.45
15:11,7786.4,7787.19,7785.93,7787.09
15:12,7787.03,7787.63,7786.95,7787.63
15:13,7787.54,7788.94,7787.54,7788.94
15:14,7788.95,7791.33,7788.76,7790.37
15:15,7790.35,7790.72,7789.65,7790.53
15:16,7790.53,7790.86,7790.06,7790.52
15:17,7790.8,7791.95,7790.8,7791.32
15:18,7791.35,7793.51,7791.35,7793.51
15:19,7793.54,7794.35,7793.26,7793.26
15:20,7793.06,7793.37,7792.66,7792.89
15:21,7793.09,7793.66,7791.76,7791.95
15:22,7791.96,7792.14,7791.2,7791.2
15:23,7791.29,7791.38,7790.65,7790.96
15:24,7791.01,7791.01,7790.12,7790.93
15:25,7790.96,7792.39,7790.96,7791.88
15:26,7791.85,7792.52,7791.57,7792.15
15:27,7792.18,7792.51,7790.99,7790.99
15:28,7790.91,7790.97,7790.33,7790.57
15:29,7790.53,7790.53,7788.86,7790.12
15:30,7789.9,7789.98,7788.9,7789.34
15:31,7789.36,7789.93,7788.71,7789.33
15:32,7789.38,7789.38,7787.3,7787.3
15:33,7787.48,7788.26,7786.61,7787.15
15:34,7787.24,7788.06,7786.71,7786.8
15:35,7786.65,7787.35,7786.45,7786.93
15:36,7787.06,7787.48,7786.41,7787.38
15:37,7787.42,7788.78,7787.4,7788.78
15:38,7788.72,7789.43,7788.27,7788.65
15:39,7788.49,7788.76,7786.67,7786.78
15:40,7786.91,7787.62,7786.22,7786.3
15:41,7786.35,7786.43,7785.14,7785.14
15:42,7785.15,7785.29,7784.16,7784.99
15:43,7785.0,7785.63,7784.78,7785.51
15:44,7785.48,7785.6,7784.58,7784.58
15:45,7784.73,7784.73,7780.8,7781.77
15:46,7781.69,7781.75,7779.63,7779.63
15:47,7779.6,7779.83,7778.35,7778.85
15:48,7778.88,7780.56,7778.88,7780.08
15:49,7779.82,7779.82,7778.36,7778.44
15:50,7778.48,7778.48,7774.33,7775.11
15:51,7775.13,7775.78,7774.82,7774.9
15:52,7774.81,7776.2,7772.68,7773.03
15:53,7773.1,7773.32,7770.97,7772.39
15:54,7772.45,7772.45,7769.6,7771.74
15:55,7771.73,7771.73,7768.4,7770.05
15:56,7770.27,7772.76,7770.27,7771.59
15:57,7771.55,7773.1,7770.2,7772.2
15:58,7772.0,7774.44,7770.37,7773.21
15:59,7773.14,7774.22,7769.98,7774.22
16:00,7773.95,7773.95,7773.95,7773.95
